id_venda,id_vendedor,id_produto,quantidade,valor_total,data_venda
1,176,7,2,894.34,2024-12-07
2,58,3,2,289.52,2025-01-31
3,145,4,5,596.85,2024-09-02
4,5,9,5,1083.7,2024-09-16
5,27,4,1,119.37,2024-11-19
6,188,2,5,111.3,2024-07-02
7,11,1,2,646.64,2025-03-06
8,200,10,5,123.0,2024-09-20
9,76,4,4,477.48,2024-09-01
10,19,8,2,105.2,2024-09-15
11,20,4,4,477.48,2024-10-10
12,101,1,5,1616.6,2024-10-04
13,114,8,3,157.8,2025-05-14
14,186,8,1,52.6,2024-12-28
15,116,9,2,433.48,2024-07-03
16,168,10,4,98.4,2024-07-25
17,126,5,3,1112.61,2024-07-30
18,25,9,3,650.22,2024-08-30
19,51,4,2,238.74,2024-10-28
20,20,10,2,49.2,2025-02-26
21,113,3,3,434.28,2024-07-31
22,45,4,1,119.37,2025-03-03
23,35,3,1,144.76,2024-08-24
24,122,5,4,1483.48,2024-06-26
25,56,5,1,370.87,2024-11-10
26,111,7,3,1341.51,2024-11-07
27,168,9,3,650.22,2024-10-08
28,199,8,5,263.0,2024-12-29
29,185,5,3,1112.61,2024-11-29
30,176,9,1,216.74,2024-11-10
31,12,2,4,89.04,2024-06-26
32,37,6,5,1707.9,2024-08-21
33,153,5,1,370.87,2025-04-21
34,198,8,4,210.4,2024-11-12
35,156,4,1,119.37,2024-10-31
36,15,1,5,1616.6,2025-05-19
37,43,9,3,650.22,2025-03-27
38,21,7,5,2235.85,2025-01-14
39,131,7,3,1341.51,2025-02-27
40,198,10,5,123.0,2024-06-09
41,100,4,2,238.74,2025-04-30
42,194,8,1,52.6,2025-05-10
43,168,6,1,341.58,2025-03-26
44,144,5,2,741.74,2025-01-11
45,198,3,3,434.28,2024-10-27
46,167,8,1,52.6,2024-12-04
47,200,1,2,646.64,2024-06-04
48,121,2,1,22.26,2024-10-16
49,134,3,4,579.04,2024-09-25
50,106,4,3,358.11,2025-03-21
51,186,8,4,210.4,2024-10-31
52,11,4,3,358.11,2025-04-29
53,81,3,2,289.52,2025-05-14
54,51,9,3,650.22,2025-04-22
55,30,9,3,650.22,2024-11-11
56,16,9,2,433.48,2024-12-28
57,18,3,3,434.28,2025-03-19
58,29,9,1,216.74,2025-03-14
59,122,9,5,1083.7,2024-12-31
60,161,7,2,894.34,2025-04-08
61,119,9,5,1083.7,2025-01-22
62,26,2,2,44.52,2025-05-16
63,33,3,2,289.52,2024-08-26
64,175,9,4,866.96,2024-12-08
65,196,6,4,1366.32,2024-08-26
66,191,6,3,1024.74,2024-09-15
67,40,10,5,123.0,2024-11-18
68,30,8,2,105.2,2024-12-07
69,10,6,3,1024.74,2024-06-13
70,42,3,1,144.76,2024-10-31
71,86,6,2,683.16,2024-10-10
72,87,7,1,447.17,2025-02-16
73,156,10,3,73.8,2025-02-20
74,184,4,4,477.48,2025-04-07
75,68,9,3,650.22,2024-11-06
76,98,5,1,370.87,2025-03-10
77,126,6,2,683.16,2024-08-05
78,111,2,5,111.3,2025-04-24
79,27,1,3,969.96,2024-11-30
80,41,4,2,238.74,2025-05-25
81,121,1,4,1293.28,2024-07-21
82,14,5,4,1483.48,2025-01-29
83,107,2,4,89.04,2024-12-26
84,73,8,2,105.2,2024-06-12
85,33,10,3,73.8,2025-05-20
86,168,2,2,44.52,2024-11-02
87,28,5,2,741.74,2025-01-17
88,101,6,5,1707.9,2025-01-07
89,21,2,5,111.3,2025-02-14
90,117,2,3,66.78,2024-06-12
91,81,10,5,123.0,2024-07-04
92,87,5,4,1483.48,2025-02-06
93,130,10,5,123.0,2024-11-15
94,103,6,4,1366.32,2024-07-24
95,56,10,3,73.8,2025-05-04
96,52,6,2,683.16,2024-11-28
97,152,5,2,741.74,2024-08-11
98,114,7,5,2235.85,2024-06-21
99,119,6,4,1366.32,2024-09-11
100,87,8,1,52.6,2024-10-27
101,123,6,1,341.58,2024-10-07
102,188,7,1,447.17,2024-08-23
103,126,10,2,49.2,2024-11-25
104,184,1,2,646.64,2024-10-06
105,159,7,4,1788.68,2024-10-11
106,178,2,5,111.3,2025-03-24
107,44,10,1,24.6,2025-05-09
108,80,4,4,477.48,2024-10-27
109,12,7,4,1788.68,2024-09-18
110,105,10,5,123.0,2025-03-21
111,130,6,4,1366.32,2025-04-21
112,174,9,5,1083.7,2024-11-12
113,47,1,3,969.96,2024-09-07
114,82,6,5,1707.9,2025-04-22
115,152,3,1,144.76,2024-07-03
116,59,10,1,24.6,2024-12-01
117,139,9,5,1083.7,2024-06-09
118,82,2,3,66.78,2025-03-19
119,23,6,3,1024.74,2024-12-28
120,128,4,1,119.37,2024-06-22
121,84,4,3,358.11,2024-10-15
122,127,4,4,477.48,2024-08-28
123,149,8,2,105.2,2025-02-09
124,42,2,4,89.04,2024-06-28
125,103,5,1,370.87,2025-04-01
126,74,3,3,434.28,2025-02-10
127,157,6,5,1707.9,2024-06-17
128,119,1,2,646.64,2025-03-21
129,64,1,5,1616.6,2024-06-14
130,114,2,1,22.26,2024-09-06
131,87,1,3,969.96,2024-08-18
132,48,2,5,111.3,2025-04-23
133,102,5,5,1854.35,2024-06-09
134,18,7,2,894.34,2025-01-29
135,108,1,2,646.64,2024-07-31
136,59,9,3,650.22,2024-09-02
137,25,4,2,238.74,2024-07-21
138,137,5,5,1854.35,2024-12-02
139,70,6,5,1707.9,2025-02-16
140,17,6,1,341.58,2024-07-16
141,30,1,5,1616.6,2025-01-07
142,46,9,3,650.22,2024-08-25
143,28,2,4,89.04,2024-11-29
144,11,9,1,216.74,2025-02-28
145,182,1,1,323.32,2024-09-09
146,81,6,3,1024.74,2025-03-26
147,96,9,3,650.22,2024-10-23
148,163,9,2,433.48,2024-08-06
149,51,8,1,52.6,2025-01-23
150,42,8,2,105.2,2025-01-23
151,77,9,5,1083.7,2025-03-19
152,5,3,1,144.76,2025-03-07
153,38,2,1,22.26,2024-07-16
154,140,2,4,89.04,2025-03-31
155,120,3,1,144.76,2025-04-16
156,2,4,5,596.85,2024-08-04
157,200,3,2,289.52,2024-09-30
158,53,2,2,44.52,2024-07-13
159,102,7,4,1788.68,2025-01-12
160,19,7,5,2235.85,2024-06-11
161,173,5,2,741.74,2025-05-28
162,179,2,3,66.78,2024-10-01
163,110,3,5,723.8,2025-01-11
164,168,5,5,1854.35,2025-02-20
165,31,4,4,477.48,2025-05-20
166,39,3,2,289.52,2024-10-25
167,152,9,5,1083.7,2024-11-03
168,131,6,2,683.16,2025-06-02
169,88,9,3,650.22,2025-03-06
170,146,3,4,579.04,2024-08-18
171,67,5,3,1112.61,2024-07-01
172,154,10,4,98.4,2025-01-17
173,178,1,5,1616.6,2025-02-25
174,48,3,4,579.04,2025-04-20
175,196,7,1,447.17,2025-01-31
176,189,3,2,289.52,2024-09-04
177,43,5,2,741.74,2024-07-11
178,138,7,1,447.17,2025-02-27
179,131,1,3,969.96,2025-03-29
180,10,2,1,22.26,2024-09-27
181,40,5,5,1854.35,2025-04-28
182,141,1,5,1616.6,2025-02-22
183,116,8,2,105.2,2025-01-21
184,66,5,5,1854.35,2025-04-10
185,81,7,2,894.34,2024-07-19
186,199,5,1,370.87,2025-04-07
187,99,4,1,119.37,2025-01-07
188,125,4,1,119.37,2025-04-01
189,143,1,2,646.64,2024-06-17
190,157,6,1,341.58,2024-10-14
191,150,4,1,119.37,2024-12-25
192,21,4,3,358.11,2024-11-15
193,62,7,1,447.17,2025-02-13
194,160,7,5,2235.85,2024-10-23
195,167,3,2,289.52,2024-06-28
196,31,2,3,66.78,2024-12-15
197,21,8,4,210.4,2025-02-08
198,31,10,2,49.2,2024-10-12
199,59,5,5,1854.35,2024-06-06
200,16,8,2,105.2,2025-04-27
201,53,3,5,723.8,2024-11-12
202,129,7,5,2235.85,2025-04-17
203,8,2,4,89.04,2024-12-09
204,170,9,2,433.48,2024-07-12
205,132,2,4,89.04,2024-11-17
206,46,3,4,579.04,2024-10-20
207,136,3,2,289.52,2025-02-03
208,69,2,1,22.26,2025-05-14
209,182,3,1,144.76,2025-04-19
210,12,9,4,866.96,2024-11-27
211,183,1,3,969.96,2025-03-03
212,97,3,4,579.04,2024-07-31
213,25,9,4,866.96,2024-11-18
214,191,10,4,98.4,2024-08-09
215,198,2,1,22.26,2025-03-13
216,36,4,1,119.37,2024-12-21
217,167,4,1,119.37,2025-02-09
218,94,5,4,1483.48,2024-09-14
219,42,8,3,157.8,2025-01-27
220,180,7,1,447.17,2025-04-11
221,194,10,2,49.2,2025-05-25
222,56,9,2,433.48,2024-12-28
223,8,3,2,289.52,2025-03-29
224,154,7,5,2235.85,2024-12-06
225,156,5,4,1483.48,2024-11-29
226,44,1,2,646.64,2024-11-18
227,46,10,4,98.4,2025-04-18
228,88,5,2,741.74,2025-03-12
229,85,8,3,157.8,2025-01-18
230,137,10,4,98.4,2024-09-14
231,150,8,2,105.2,2024-10-05
232,112,9,1,216.74,2025-04-28
233,86,2,4,89.04,2024-09-05
234,128,3,5,723.8,2025-04-20
235,63,3,1,144.76,2025-05-30
236,182,6,1,341.58,2024-07-05
237,132,3,5,723.8,2024-09-18
238,185,8,1,52.6,2025-05-10
239,105,6,1,341.58,2024-11-24
240,127,10,2,49.2,2024-09-04
241,64,5,2,741.74,2025-03-20
242,169,9,4,866.96,2024-11-29
243,127,4,4,477.48,2025-01-09
244,91,7,4,1788.68,2025-01-25
245,80,5,2,741.74,2025-02-16
246,200,3,4,579.04,2024-10-27
247,85,3,1,144.76,2024-10-10
248,121,3,2,289.52,2024-06-13
249,180,1,4,1293.28,2024-12-10
250,195,6,1,341.58,2025-04-28
251,53,9,4,866.96,2024-10-06
252,4,6,3,1024.74,2024-08-11
253,8,3,4,579.04,2024-12-08
254,162,4,3,358.11,2024-08-23
255,174,2,4,89.04,2024-10-17
256,43,4,5,596.85,2025-04-07
257,131,3,4,579.04,2024-09-10
258,167,6,2,683.16,2024-10-12
259,91,2,2,44.52,2024-09-18
260,34,7,3,1341.51,2025-05-09
261,162,6,2,683.16,2025-01-19
262,168,5,1,370.87,2025-03-01
263,5,6,5,1707.9,2025-05-09
264,72,3,5,723.8,2024-09-17
265,180,2,1,22.26,2025-01-03
266,190,1,3,969.96,2024-06-05
267,189,7,1,447.17,2024-12-19
268,25,4,1,119.37,2024-08-15
269,144,9,5,1083.7,2024-07-05
270,57,9,4,866.96,2024-09-03
271,124,8,5,263.0,2025-03-08
272,165,10,5,123.0,2024-11-06
273,44,2,2,44.52,2024-12-08
274,107,3,1,144.76,2025-01-03
275,159,2,5,111.3,2025-03-23
276,93,3,1,144.76,2024-09-03
277,88,6,2,683.16,2025-02-25
278,125,2,1,22.26,2024-12-03
279,146,2,5,111.3,2025-02-07
280,99,2,1,22.26,2025-03-05
281,114,7,2,894.34,2024-12-09
282,165,2,4,89.04,2024-11-23
283,123,2,1,22.26,2025-04-05
284,119,9,5,1083.7,2024-06-08
285,178,6,2,683.16,2024-07-08
286,176,6,5,1707.9,2024-09-24
287,115,10,5,123.0,2024-08-27
288,64,10,1,24.6,2024-11-06
289,164,3,5,723.8,2025-02-25
290,164,9,1,216.74,2024-09-04
291,81,4,4,477.48,2024-09-28
292,194,9,5,1083.7,2025-02-14
293,130,1,5,1616.6,2025-01-13
294,96,10,5,123.0,2024-10-23
295,114,6,3,1024.74,2024-12-02
296,120,9,3,650.22,2025-01-02
297,122,8,2,105.2,2024-12-25
298,169,2,3,66.78,2024-10-13
299,101,7,2,894.34,2024-11-14
300,192,6,3,1024.74,2025-03-18
301,74,8,4,210.4,2025-01-01
302,9,8,2,105.2,2024-10-08
303,149,3,3,434.28,2024-10-16
304,87,10,4,98.4,2025-03-01
305,195,8,3,157.8,2024-11-25
306,27,5,1,370.87,2024-09-15
307,124,5,1,370.87,2024-09-29
308,57,4,4,477.48,2024-09-07
309,119,7,5,2235.85,2024-08-30
310,120,8,5,263.0,2024-07-18
311,136,9,1,216.74,2025-03-09
312,107,3,1,144.76,2024-08-15
313,176,8,5,263.0,2024-10-02
314,1,1,2,646.64,2024-07-18
315,130,3,5,723.8,2025-03-17
316,181,6,3,1024.74,2024-12-27
317,176,10,2,49.2,2025-03-25
318,174,7,3,1341.51,2025-02-25
319,116,3,1,144.76,2024-08-12
320,158,4,2,238.74,2024-08-15
321,93,3,3,434.28,2024-08-25
322,62,7,3,1341.51,2025-03-15
323,92,9,2,433.48,2024-12-07
324,162,4,4,477.48,2024-09-17
325,1,3,5,723.8,2025-03-10
326,134,10,3,73.8,2025-01-16
327,199,1,5,1616.6,2025-03-24
328,143,6,5,1707.9,2024-12-22
329,26,10,1,24.6,2025-01-19
330,87,7,5,2235.85,2024-09-19
331,133,2,3,66.78,2024-07-11
332,109,7,1,447.17,2025-04-21
333,99,4,2,238.74,2024-08-16
334,83,5,3,1112.61,2024-09-25
335,181,2,1,22.26,2024-08-29
336,36,5,1,370.87,2024-10-20
337,142,5,5,1854.35,2024-08-10
338,65,5,2,741.74,2024-09-27
339,114,3,3,434.28,2024-06-07
340,187,9,3,650.22,2025-03-03
341,178,7,5,2235.85,2024-12-26
342,167,2,2,44.52,2024-07-21
343,17,6,3,1024.74,2024-09-16
344,165,5,2,741.74,2024-06-19
345,27,2,3,66.78,2024-06-23
346,77,6,5,1707.9,2025-01-02
347,106,2,4,89.04,2024-09-23
348,167,8,3,157.8,2025-02-27
349,151,6,1,341.58,2024-07-21
350,77,7,1,447.17,2025-02-04
351,145,1,4,1293.28,2025-05-05
352,178,3,3,434.28,2025-03-21
353,58,8,1,52.6,2024-12-09
354,137,6,1,341.58,2024-07-11
355,110,3,3,434.28,2025-05-06
356,54,3,2,289.52,2024-06-06
357,124,5,3,1112.61,2025-01-10
358,108,8,2,105.2,2024-09-20
359,193,6,4,1366.32,2024-12-01
360,33,7,5,2235.85,2024-12-04
361,40,3,4,579.04,2024-11-20
362,198,2,5,111.3,2024-10-12
363,174,7,1,447.17,2024-08-12
364,110,7,1,447.17,2024-06-21
365,167,1,1,323.32,2024-09-08
366,59,10,2,49.2,2025-06-02
367,49,9,5,1083.7,2025-05-02
368,23,9,1,216.74,2024-12-04
369,32,10,3,73.8,2024-07-16
370,190,5,5,1854.35,2025-04-17
371,179,5,5,1854.35,2024-06-27
372,184,4,2,238.74,2024-11-04
373,56,1,4,1293.28,2024-12-09
374,23,6,2,683.16,2024-06-30
375,150,1,1,323.32,2025-01-12
376,170,6,3,1024.74,2025-02-01
377,58,7,3,1341.51,2025-02-23
378,56,8,1,52.6,2024-06-22
379,10,4,3,358.11,2024-07-30
380,63,7,2,894.34,2024-07-29
381,69,10,2,49.2,2025-04-13
382,89,6,1,341.58,2025-01-06
383,85,7,3,1341.51,2024-09-27
384,16,2,5,111.3,2024-07-05
385,35,2,4,89.04,2024-09-06
386,41,2,5,111.3,2024-07-18
387,172,10,2,49.2,2025-01-04
388,82,2,2,44.52,2025-03-25
389,177,6,2,683.16,2024-11-10
390,56,9,2,433.48,2025-01-23
391,112,1,4,1293.28,2025-01-19
392,111,7,1,447.17,2025-04-05
393,90,6,2,683.16,2025-01-28
394,131,9,3,650.22,2024-08-28
395,110,4,4,477.48,2025-03-30
396,140,5,2,741.74,2024-12-21
397,135,3,3,434.28,2024-10-27
398,100,8,2,105.2,2024-11-23
399,80,6,1,341.58,2025-05-20
400,94,9,4,866.96,2024-11-20
401,67,9,1,216.74,2024-09-25
402,177,6,4,1366.32,2025-05-02
403,46,3,2,289.52,2025-01-16
404,144,3,2,289.52,2024-11-15
405,193,4,4,477.48,2024-09-28
406,195,10,3,73.8,2025-01-08
407,123,8,3,157.8,2025-01-29
408,153,9,2,433.48,2024-06-25
409,117,2,2,44.52,2025-01-24
410,146,6,1,341.58,2025-03-16
411,190,9,2,433.48,2024-07-10
412,73,8,4,210.4,2025-03-25
413,22,4,3,358.11,2024-08-21
414,117,1,3,969.96,2025-01-30
415,153,7,1,447.17,2024-08-22
416,59,3,3,434.28,2024-09-12
417,116,2,3,66.78,2025-02-13
418,50,2,5,111.3,2024-07-03
419,154,7,4,1788.68,2024-08-01
420,114,1,5,1616.6,2024-09-03
421,62,9,3,650.22,2024-08-08
422,82,8,1,52.6,2025-01-02
423,192,8,1,52.6,2024-07-01
424,175,6,3,1024.74,2024-08-01
425,91,7,2,894.34,2024-06-03
426,26,10,5,123.0,2024-11-07
427,97,7,3,1341.51,2024-11-23
428,7,10,1,24.6,2025-02-24
429,144,3,1,144.76,2025-01-18
430,120,10,5,123.0,2024-12-01
431,56,2,4,89.04,2024-09-23
432,23,6,3,1024.74,2024-06-14
433,93,9,3,650.22,2024-08-30
434,14,5,4,1483.48,2024-09-21
435,6,5,5,1854.35,2025-03-03
436,89,3,5,723.8,2024-09-19
437,180,8,1,52.6,2025-03-02
438,94,2,4,89.04,2025-05-01
439,76,1,5,1616.6,2024-11-25
440,146,4,2,238.74,2024-06-29
441,28,3,3,434.28,2025-02-23
442,65,5,1,370.87,2024-08-31
443,180,2,4,89.04,2025-05-26
444,50,5,1,370.87,2024-09-12
445,150,6,5,1707.9,2025-04-03
446,19,1,5,1616.6,2025-04-05
447,195,9,2,433.48,2025-01-30
448,130,2,3,66.78,2025-01-17
449,183,2,4,89.04,2025-02-13
450,102,2,1,22.26,2025-04-10
451,161,5,3,1112.61,2025-05-30
452,72,1,5,1616.6,2024-08-17
453,181,2,3,66.78,2024-11-14
454,110,4,1,119.37,2024-07-16
455,65,5,3,1112.61,2024-12-30
456,106,3,5,723.8,2024-08-28
457,90,1,3,969.96,2025-02-08
458,93,6,4,1366.32,2024-07-29
459,166,10,3,73.8,2025-05-20
460,134,4,4,477.48,2024-09-13
461,120,7,3,1341.51,2025-04-19
462,176,10,5,123.0,2024-07-27
463,83,6,2,683.16,2024-06-29
464,124,2,2,44.52,2024-06-25
465,119,1,4,1293.28,2024-08-05
466,17,5,4,1483.48,2025-04-05
467,93,6,2,683.16,2024-09-29
468,28,9,5,1083.7,2025-01-19
469,136,3,5,723.8,2025-03-19
470,82,2,3,66.78,2025-04-18
471,161,2,4,89.04,2025-01-09
472,101,6,5,1707.9,2025-05-25
473,14,7,1,447.17,2024-09-22
474,178,4,3,358.11,2024-11-19
475,185,10,3,73.8,2024-07-20
476,172,7,2,894.34,2024-12-01
477,105,10,4,98.4,2025-02-24
478,192,9,5,1083.7,2024-09-28
479,16,10,5,123.0,2025-02-28
480,32,4,3,358.11,2024-11-05
481,92,8,4,210.4,2024-09-15
482,18,4,4,477.48,2024-12-13
483,88,2,4,89.04,2024-12-28
484,127,9,2,433.48,2024-12-10
485,61,10,5,123.0,2024-11-19
486,121,6,4,1366.32,2024-07-03
487,165,9,2,433.48,2025-01-20
488,164,3,1,144.76,2024-06-17
489,194,5,3,1112.61,2025-05-13
490,162,8,5,263.0,2024-11-16
491,71,5,5,1854.35,2025-03-14
492,116,3,3,434.28,2024-10-05
493,94,3,1,144.76,2025-01-22
494,43,7,2,894.34,2024-09-07
495,30,2,3,66.78,2024-06-12
496,161,1,2,646.64,2024-07-07
497,55,8,2,105.2,2024-08-29
498,139,6,2,683.16,2025-02-18
499,69,7,1,447.17,2025-04-22
500,78,4,1,119.37,2025-05-02
501,41,2,2,44.52,2025-01-11
502,42,8,4,210.4,2025-01-16
503,13,5,5,1854.35,2024-06-10
504,102,6,1,341.58,2025-03-26
505,180,6,4,1366.32,2025-02-18
506,96,5,4,1483.48,2025-04-17
507,37,7,5,2235.85,2024-09-14
508,26,3,2,289.52,2025-01-11
509,166,2,4,89.04,2024-06-17
510,5,5,4,1483.48,2025-03-25
511,156,5,4,1483.48,2025-03-22
512,193,5,2,741.74,2024-08-09
513,140,5,2,741.74,2024-12-01
514,41,2,1,22.26,2024-12-20
515,81,3,1,144.76,2025-02-10
516,9,10,4,98.4,2024-11-20
517,157,3,2,289.52,2025-05-23
518,31,5,2,741.74,2024-09-18
519,88,2,5,111.3,2024-08-11
520,125,5,4,1483.48,2025-01-15
521,168,1,1,323.32,2024-11-18
522,111,2,5,111.3,2025-02-03
523,23,10,2,49.2,2025-04-14
524,45,10,1,24.6,2024-12-09
525,38,10,4,98.4,2024-07-07
526,151,9,2,433.48,2024-12-01
527,79,8,4,210.4,2024-10-15
528,93,7,5,2235.85,2024-11-07
529,172,10,5,123.0,2024-10-09
530,92,4,5,596.85,2024-10-04
531,163,5,3,1112.61,2025-02-17
532,148,4,4,477.48,2024-07-12
533,141,9,5,1083.7,2025-05-01
534,53,2,5,111.3,2024-08-03
535,170,10,4,98.4,2024-10-08
536,132,7,5,2235.85,2024-11-08
537,192,10,4,98.4,2025-02-26
538,104,3,2,289.52,2024-12-11
539,41,5,4,1483.48,2024-09-21
540,87,2,4,89.04,2025-02-14
541,67,5,3,1112.61,2024-11-04
542,122,4,2,238.74,2025-04-13
543,152,7,3,1341.51,2025-03-24
544,119,4,5,596.85,2025-01-01
545,138,6,4,1366.32,2024-06-16
546,97,8,2,105.2,2024-11-25
547,59,6,3,1024.74,2024-07-06
548,177,7,4,1788.68,2024-10-02
549,4,9,1,216.74,2024-09-08
550,166,2,3,66.78,2024-10-05
551,129,10,2,49.2,2024-07-17
552,151,3,3,434.28,2025-03-29
553,27,4,3,358.11,2024-11-05
554,144,7,3,1341.51,2025-05-03
555,45,5,5,1854.35,2024-12-18
556,179,3,1,144.76,2025-04-18
557,73,7,2,894.34,2024-06-02
558,43,5,2,741.74,2025-02-12
559,181,3,2,289.52,2025-05-05
560,159,9,4,866.96,2024-12-29
561,28,2,2,44.52,2024-11-28
562,2,9,2,433.48,2024-11-09
563,77,1,1,323.32,2024-06-23
564,110,8,4,210.4,2024-08-13
565,162,10,4,98.4,2024-12-20
566,186,9,3,650.22,2024-10-20
567,29,7,5,2235.85,2025-01-29
568,45,2,4,89.04,2025-03-22
569,9,2,4,89.04,2024-12-12
570,56,1,1,323.32,2025-01-30
571,79,2,2,44.52,2024-11-20
572,10,8,4,210.4,2025-03-24
573,24,2,4,89.04,2024-06-22
574,67,9,5,1083.7,2024-08-20
575,121,2,1,22.26,2024-09-13
576,177,1,5,1616.6,2025-01-01
577,17,4,4,477.48,2024-07-22
578,26,1,4,1293.28,2025-05-28
579,77,3,1,144.76,2024-09-21
580,67,9,3,650.22,2024-11-19
581,116,3,3,434.28,2025-05-10
582,163,4,4,477.48,2025-02-28
583,62,10,4,98.4,2024-12-07
584,193,4,5,596.85,2024-07-19
585,24,8,5,263.0,2024-06-13
586,41,4,5,596.85,2025-02-01
587,56,9,2,433.48,2025-01-24
588,75,1,4,1293.28,2025-04-08
589,92,5,2,741.74,2024-09-02
590,153,6,3,1024.74,2025-03-04
591,17,3,4,579.04,2024-08-02
592,8,2,4,89.04,2024-09-30
593,10,4,1,119.37,2025-01-01
594,171,9,4,866.96,2024-06-07
595,195,10,3,73.8,2025-01-02
596,45,4,4,477.48,2024-11-07
597,25,4,2,238.74,2024-07-08
598,174,8,4,210.4,2024-08-28
599,198,4,2,238.74,2025-04-24
600,192,3,5,723.8,2025-05-22
601,131,9,5,1083.7,2024-07-16
602,21,5,1,370.87,2024-11-28
603,123,6,4,1366.32,2024-07-17
604,134,5,5,1854.35,2025-02-08
605,115,4,5,596.85,2025-04-21
606,153,8,1,52.6,2024-07-31
607,105,10,1,24.6,2024-12-12
608,13,2,4,89.04,2025-05-30
609,23,8,2,105.2,2025-03-07
610,23,2,4,89.04,2024-09-23
611,39,4,2,238.74,2024-12-16
612,130,4,1,119.37,2025-03-02
613,42,10,3,73.8,2024-09-16
614,2,4,4,477.48,2024-11-10
615,8,10,3,73.8,2025-04-22
616,118,5,2,741.74,2024-12-06
617,31,3,4,579.04,2024-12-02
618,187,6,3,1024.74,2024-09-04
619,141,7,3,1341.51,2024-11-26
620,168,7,4,1788.68,2025-01-02
621,19,6,3,1024.74,2024-07-28
622,138,3,4,579.04,2024-10-28
623,91,10,3,73.8,2024-08-15
624,117,9,1,216.74,2025-05-26
625,96,4,4,477.48,2025-01-20
626,137,8,1,52.6,2024-12-16
627,104,9,5,1083.7,2025-03-18
628,2,7,1,447.17,2025-05-09
629,191,2,3,66.78,2024-07-25
630,139,2,2,44.52,2025-05-03
631,8,9,1,216.74,2024-06-29
632,170,7,1,447.17,2024-09-17
633,126,5,1,370.87,2025-03-29
634,94,6,2,683.16,2025-04-04
635,199,3,2,289.52,2025-04-29
636,162,1,1,323.32,2024-11-10
637,134,5,5,1854.35,2024-10-11
638,5,1,2,646.64,2025-05-30
639,158,4,2,238.74,2025-04-03
640,175,5,2,741.74,2024-12-16
641,38,9,4,866.96,2024-09-13
642,44,4,1,119.37,2025-04-16
643,39,4,5,596.85,2024-06-02
644,45,8,2,105.2,2024-09-19
645,133,5,4,1483.48,2025-03-10
646,102,8,3,157.8,2024-09-25
647,22,9,3,650.22,2025-04-23
648,73,2,2,44.52,2025-01-15
649,11,6,5,1707.9,2025-01-13
650,162,5,5,1854.35,2025-02-13
651,103,8,1,52.6,2024-12-09
652,127,1,2,646.64,2025-05-04
653,58,6,3,1024.74,2024-07-29
654,75,1,1,323.32,2024-11-22
655,118,2,5,111.3,2024-12-28
656,49,9,1,216.74,2024-12-07
657,196,1,3,969.96,2024-10-14
658,48,2,5,111.3,2024-10-09
659,108,7,4,1788.68,2025-01-02
660,196,6,4,1366.32,2025-03-25
661,140,10,2,49.2,2024-12-30
662,61,8,1,52.6,2024-10-26
663,114,6,5,1707.9,2024-11-25
664,29,3,2,289.52,2025-05-30
665,173,5,1,370.87,2024-10-04
666,167,6,3,1024.74,2025-05-05
667,76,7,5,2235.85,2024-08-14
668,41,6,1,341.58,2025-02-27
669,74,1,5,1616.6,2024-09-02
670,60,5,1,370.87,2025-01-10
671,130,3,3,434.28,2024-10-28
672,69,10,5,123.0,2024-08-31
673,62,3,4,579.04,2025-04-30
674,174,7,3,1341.51,2025-03-30
675,48,7,1,447.17,2024-11-08
676,163,4,5,596.85,2024-06-18
677,122,2,3,66.78,2024-10-03
678,15,9,1,216.74,2025-03-18
679,78,5,4,1483.48,2024-12-02
680,117,5,4,1483.48,2025-03-02
681,117,1,1,323.32,2025-05-22
682,30,2,4,89.04,2025-04-13
683,65,9,3,650.22,2024-10-28
684,172,2,4,89.04,2024-10-29
685,76,6,2,683.16,2025-02-14
686,42,8,4,210.4,2025-04-05
687,90,4,2,238.74,2025-04-16
688,174,8,5,263.0,2025-02-10
689,49,4,3,358.11,2024-07-31
690,52,9,5,1083.7,2024-12-11
691,168,1,5,1616.6,2024-06-16
692,16,10,4,98.4,2024-07-21
693,155,9,4,866.96,2024-12-14
694,166,4,4,477.48,2025-01-17
695,159,4,5,596.85,2024-10-08
696,128,6,3,1024.74,2025-05-05
697,166,1,3,969.96,2024-07-10
698,130,4,2,238.74,2025-05-07
699,61,3,1,144.76,2025-04-26
700,55,7,3,1341.51,2024-11-19
701,83,4,4,477.48,2024-07-10
702,172,5,2,741.74,2024-12-23
703,137,3,4,579.04,2025-05-21
704,73,7,5,2235.85,2024-11-26
705,13,10,5,123.0,2024-06-07
706,116,10,4,98.4,2025-03-09
707,126,1,3,969.96,2024-07-27
708,19,10,1,24.6,2024-11-08
709,190,4,4,477.48,2025-05-06
710,130,5,3,1112.61,2025-02-11
711,176,4,2,238.74,2024-07-31
712,132,2,4,89.04,2024-07-01
713,40,7,2,894.34,2024-12-01
714,26,5,3,1112.61,2025-04-01
715,70,2,3,66.78,2024-09-12
716,172,4,3,358.11,2024-10-11
717,140,1,3,969.96,2025-01-30
718,143,2,5,111.3,2025-02-26
719,83,5,3,1112.61,2024-11-03
720,19,4,5,596.85,2025-02-09
721,172,10,1,24.6,2024-07-03
722,59,8,5,263.0,2025-04-28
723,31,4,2,238.74,2024-10-07
724,175,6,1,341.58,2025-04-29
725,96,9,2,433.48,2025-02-18
726,162,6,4,1366.32,2025-05-01
727,90,7,4,1788.68,2024-12-26
728,80,10,5,123.0,2024-10-27
729,133,10,2,49.2,2024-10-02
730,116,9,4,866.96,2025-01-31
731,77,5,4,1483.48,2025-03-08
732,151,3,4,579.04,2025-05-12
733,25,6,1,341.58,2025-03-23
734,102,1,1,323.32,2024-12-08
735,197,1,3,969.96,2025-05-06
736,98,9,2,433.48,2024-12-29
737,183,1,4,1293.28,2024-06-15
738,173,1,2,646.64,2025-01-27
739,176,2,3,66.78,2024-06-28
740,200,7,5,2235.85,2024-09-01
741,48,8,3,157.8,2025-02-02
742,77,5,4,1483.48,2025-02-22
743,82,9,5,1083.7,2025-05-25
744,27,4,5,596.85,2024-09-21
745,104,4,3,358.11,2024-08-29
746,54,3,4,579.04,2025-03-19
747,22,6,5,1707.9,2024-07-07
748,130,1,3,969.96,2024-11-17
749,123,1,3,969.96,2024-07-10
750,70,2,4,89.04,2025-03-24
751,150,2,3,66.78,2025-02-03
752,141,2,3,66.78,2025-03-02
753,119,5,3,1112.61,2025-05-06
754,28,6,2,683.16,2024-07-11
755,127,7,1,447.17,2024-11-21
756,136,7,2,894.34,2024-08-05
757,124,10,3,73.8,2025-02-26
758,138,8,1,52.6,2024-09-26
759,89,10,5,123.0,2025-05-18
760,86,10,2,49.2,2024-06-13
761,63,9,2,433.48,2024-06-19
762,178,1,2,646.64,2024-10-05
763,157,5,4,1483.48,2025-04-07
764,152,3,3,434.28,2024-06-23
765,48,3,5,723.8,2024-09-23
766,92,5,5,1854.35,2024-10-19
767,190,6,5,1707.9,2024-10-25
768,9,8,3,157.8,2024-11-16
769,56,7,1,447.17,2024-07-28
770,10,1,2,646.64,2024-09-04
771,60,3,3,434.28,2024-12-25
772,90,8,2,105.2,2024-11-09
773,141,5,3,1112.61,2025-01-07
774,84,8,2,105.2,2025-02-21
775,171,7,3,1341.51,2025-04-05
776,73,1,1,323.32,2024-08-10
777,118,1,5,1616.6,2024-08-07
778,94,5,2,741.74,2024-08-08
779,45,8,3,157.8,2024-07-02
780,125,9,1,216.74,2025-01-24
781,199,5,1,370.87,2025-05-06
782,21,6,5,1707.9,2024-10-28
783,114,10,3,73.8,2025-01-28
784,169,7,2,894.34,2025-02-22
785,45,7,4,1788.68,2024-09-03
786,49,6,1,341.58,2024-12-12
787,85,9,1,216.74,2025-05-22
788,15,5,5,1854.35,2025-01-14
789,29,4,3,358.11,2024-07-27
790,160,2,4,89.04,2024-08-31
791,89,1,4,1293.28,2024-11-28
792,197,2,4,89.04,2025-02-04
793,66,2,3,66.78,2024-09-08
794,120,5,2,741.74,2024-11-27
795,71,9,1,216.74,2024-09-09
796,140,3,3,434.28,2025-02-15
797,19,10,4,98.4,2024-06-05
798,157,9,1,216.74,2025-05-17
799,41,1,1,323.32,2025-04-10
800,77,10,4,98.4,2024-11-29
801,121,2,4,89.04,2025-05-17
802,108,6,1,341.58,2024-09-21
803,139,6,5,1707.9,2025-02-20
804,27,2,1,22.26,2024-12-31
805,68,5,2,741.74,2024-08-02
806,199,3,2,289.52,2024-06-30
807,10,5,5,1854.35,2024-11-20
808,22,10,3,73.8,2024-10-14
809,24,8,1,52.6,2025-01-16
810,118,2,2,44.52,2024-09-26
811,50,5,1,370.87,2025-02-05
812,189,5,5,1854.35,2024-11-13
813,157,8,4,210.4,2025-02-25
814,29,4,5,596.85,2024-09-07
815,32,3,5,723.8,2024-11-26
816,163,10,5,123.0,2025-04-26
817,158,8,2,105.2,2024-09-27
818,194,2,5,111.3,2024-08-18
819,107,1,4,1293.28,2024-10-29
820,25,9,4,866.96,2025-04-29
821,28,7,4,1788.68,2024-12-06
822,68,9,3,650.22,2024-07-13
823,155,9,5,1083.7,2024-09-02
824,22,6,4,1366.32,2024-10-28
825,76,7,3,1341.51,2025-01-10
826,153,5,5,1854.35,2024-10-19
827,11,1,5,1616.6,2025-01-11
828,162,7,1,447.17,2024-09-24
829,8,3,5,723.8,2025-02-28
830,48,3,1,144.76,2024-09-24
831,145,10,2,49.2,2024-06-10
832,168,6,2,683.16,2025-04-20
833,127,10,3,73.8,2025-02-12
834,45,3,1,144.76,2024-11-02
835,58,3,2,289.52,2024-09-16
836,75,8,2,105.2,2024-06-05
837,87,3,2,289.52,2025-01-07
838,189,10,5,123.0,2025-05-03
839,17,5,1,370.87,2025-02-23
840,187,4,2,238.74,2025-03-31
841,185,8,1,52.6,2025-03-18
842,23,3,4,579.04,2024-06-21
843,57,6,4,1366.32,2025-05-21
844,185,3,5,723.8,2025-01-23
845,18,5,4,1483.48,2025-03-18
846,64,1,3,969.96,2024-12-11
847,177,3,1,144.76,2025-04-21
848,75,1,2,646.64,2025-05-19
849,92,3,3,434.28,2025-05-18
850,161,7,3,1341.51,2024-09-21
851,66,2,4,89.04,2025-03-30
852,165,10,1,24.6,2025-04-08
853,119,4,2,238.74,2024-08-30
854,149,1,3,969.96,2025-01-23
855,101,7,5,2235.85,2025-04-09
856,35,5,2,741.74,2024-10-16
857,68,2,4,89.04,2024-08-26
858,179,7,1,447.17,2025-02-04
859,142,8,5,263.0,2024-08-14
860,48,10,2,49.2,2025-01-29
861,83,2,2,44.52,2024-09-07
862,90,7,3,1341.51,2025-02-20
863,130,6,2,683.16,2025-03-22
864,96,1,1,323.32,2025-03-08
865,36,10,1,24.6,2025-03-27
866,11,6,2,683.16,2025-02-13
867,39,3,3,434.28,2025-02-21
868,156,9,5,1083.7,2025-04-23
869,180,10,5,123.0,2024-07-25
870,51,7,3,1341.51,2025-01-31
871,28,8,4,210.4,2024-07-09
872,96,6,1,341.58,2025-05-18
873,36,4,4,477.48,2025-01-31
874,12,10,3,73.8,2025-02-08
875,193,4,4,477.48,2024-06-17
876,199,9,3,650.22,2024-09-29
877,86,2,5,111.3,2025-04-04
878,51,10,5,123.0,2024-11-20
879,126,8,4,210.4,2024-06-14
880,16,2,4,89.04,2025-01-13
881,67,7,1,447.17,2024-10-21
882,108,7,5,2235.85,2025-03-13
883,178,6,1,341.58,2024-07-23
884,150,5,4,1483.48,2024-07-07
885,185,6,3,1024.74,2025-05-21
886,91,10,5,123.0,2024-09-24
887,139,9,3,650.22,2024-10-06
888,128,3,1,144.76,2025-03-19
889,180,5,1,370.87,2024-11-10
890,105,10,2,49.2,2024-08-09
891,172,1,5,1616.6,2024-08-18
892,135,8,5,263.0,2024-07-23
893,198,7,1,447.17,2025-04-03
894,170,2,3,66.78,2024-12-28
895,38,2,5,111.3,2025-05-08
896,169,7,1,447.17,2024-10-22
897,191,5,2,741.74,2024-12-25
898,173,3,4,579.04,2024-12-13
899,10,7,5,2235.85,2025-05-22
900,139,5,4,1483.48,2024-09-15
901,110,8,3,157.8,2025-04-20
902,51,5,2,741.74,2024-08-04
903,192,9,5,1083.7,2024-09-09
904,100,4,4,477.48,2025-05-22
905,141,4,4,477.48,2025-04-18
906,136,1,1,323.32,2024-12-06
907,113,6,4,1366.32,2025-04-11
908,156,5,3,1112.61,2024-09-24
909,103,3,4,579.04,2025-03-18
910,21,5,3,1112.61,2025-05-06
911,95,8,3,157.8,2024-10-11
912,10,1,1,323.32,2025-04-10
913,102,5,2,741.74,2024-07-16
914,97,9,3,650.22,2024-11-30
915,91,8,4,210.4,2024-07-01
916,108,7,4,1788.68,2024-07-26
917,139,2,3,66.78,2025-03-21
918,160,10,4,98.4,2024-08-28
919,39,3,5,723.8,2025-05-02
920,85,5,1,370.87,2025-02-19
921,118,6,4,1366.32,2025-03-10
922,83,8,1,52.6,2025-02-18
923,53,10,3,73.8,2024-11-03
924,181,1,3,969.96,2025-04-26
925,153,9,3,650.22,2025-04-10
926,182,8,1,52.6,2025-01-04
927,102,3,4,579.04,2024-10-22
928,123,2,5,111.3,2024-07-07
929,92,9,1,216.74,2025-04-05
930,161,3,5,723.8,2024-11-02
931,107,9,4,866.96,2024-06-07
932,195,8,4,210.4,2024-09-12
933,179,4,1,119.37,2024-12-27
934,51,6,2,683.16,2024-07-19
935,7,2,5,111.3,2024-11-25
936,68,5,3,1112.61,2024-10-23
937,26,4,5,596.85,2025-02-18
938,51,2,4,89.04,2025-03-19
939,138,8,4,210.4,2025-02-18
940,158,6,1,341.58,2024-09-11
941,153,6,2,683.16,2025-01-15
942,147,3,3,434.28,2024-10-27
943,22,6,5,1707.9,2025-04-17
944,47,7,2,894.34,2025-02-04
945,81,6,3,1024.74,2025-06-02
946,120,6,4,1366.32,2024-10-24
947,65,8,4,210.4,2024-07-14
948,195,2,1,22.26,2025-02-19
949,97,9,1,216.74,2024-08-31
950,168,9,5,1083.7,2024-12-02
951,160,5,2,741.74,2024-06-11
952,110,3,2,289.52,2025-01-28
953,23,9,3,650.22,2025-05-11
954,20,2,5,111.3,2025-01-06
955,143,4,1,119.37,2024-10-07
956,151,3,5,723.8,2025-05-23
957,161,8,4,210.4,2025-01-24
958,153,5,1,370.87,2024-08-26
959,15,6,2,683.16,2025-02-08
960,189,1,1,323.32,2024-06-26
961,79,6,4,1366.32,2025-02-03
962,108,4,1,119.37,2025-04-17
963,164,7,2,894.34,2024-11-29
964,76,2,4,89.04,2025-05-21
965,108,5,3,1112.61,2025-03-01
966,156,7,5,2235.85,2024-09-27
967,45,5,3,1112.61,2025-02-09
968,27,7,4,1788.68,2024-11-07
969,57,5,4,1483.48,2024-07-17
970,64,9,4,866.96,2024-07-26
971,181,2,2,44.52,2024-06-19
972,7,7,4,1788.68,2024-06-16
973,128,8,5,263.0,2024-09-28
974,1,2,2,44.52,2024-12-10
975,178,2,4,89.04,2024-07-17
976,189,9,2,433.48,2024-07-09
977,144,4,5,596.85,2024-09-01
978,160,8,5,263.0,2025-05-12
979,25,6,2,683.16,2024-12-27
980,55,7,1,447.17,2024-07-24
981,52,3,3,434.28,2024-10-30
982,115,9,4,866.96,2024-11-25
983,30,2,3,66.78,2024-10-24
984,174,4,5,596.85,2025-02-17
985,93,5,3,1112.61,2025-03-17
986,90,10,1,24.6,2025-02-27
987,160,10,3,73.8,2024-12-28
988,162,5,3,1112.61,2024-11-11
989,60,3,5,723.8,2025-01-16
990,172,9,5,1083.7,2025-03-17
991,164,1,4,1293.28,2025-03-11
992,115,9,2,433.48,2024-08-01
993,53,8,4,210.4,2025-05-11
994,81,1,5,1616.6,2024-11-10
995,166,7,4,1788.68,2025-02-11
996,32,5,3,1112.61,2024-07-10
997,83,6,3,1024.74,2025-04-21
998,76,8,5,263.0,2024-12-09
999,140,5,5,1854.35,2025-01-27
1000,27,9,4,866.96,2024-11-07
1001,140,4,4,477.48,2025-06-01
1002,28,10,3,73.8,2024-09-18
1003,45,3,2,289.52,2024-06-14
1004,138,8,2,105.2,2025-02-25
1005,132,8,5,263.0,2024-10-23
1006,113,3,4,579.04,2024-08-25
1007,133,4,2,238.74,2024-11-21
1008,42,2,4,89.04,2024-11-21
1009,194,2,1,22.26,2024-09-01
1010,93,5,3,1112.61,2025-04-30
1011,53,2,4,89.04,2024-10-20
1012,112,1,4,1293.28,2024-07-10
1013,86,3,4,579.04,2025-02-23
1014,176,4,2,238.74,2024-10-22
1015,72,8,4,210.4,2024-12-30
1016,26,6,1,341.58,2025-05-18
1017,173,10,2,49.2,2025-02-07
1018,83,4,5,596.85,2024-10-19
1019,197,7,5,2235.85,2024-06-25
1020,93,4,3,358.11,2024-11-03
1021,29,4,1,119.37,2024-09-17
1022,27,7,4,1788.68,2024-08-14
1023,88,2,1,22.26,2024-07-19
1024,183,2,5,111.3,2025-04-27
1025,78,2,4,89.04,2025-04-18
1026,114,5,1,370.87,2024-11-25
1027,169,6,2,683.16,2024-07-07
1028,199,2,4,89.04,2025-02-14
1029,58,8,2,105.2,2024-08-23
1030,92,6,1,341.58,2025-02-06
1031,14,3,4,579.04,2025-02-05
1032,79,10,3,73.8,2025-01-19
1033,6,7,3,1341.51,2024-06-10
1034,57,8,5,263.0,2024-06-21
1035,22,9,4,866.96,2025-04-03
1036,134,8,1,52.6,2024-10-09
1037,9,9,3,650.22,2024-09-04
1038,115,5,5,1854.35,2024-07-20
1039,66,5,4,1483.48,2025-04-03
1040,13,5,3,1112.61,2025-01-07
1041,100,9,4,866.96,2024-08-20
1042,13,8,5,263.0,2024-06-28
1043,199,2,1,22.26,2025-04-20
1044,160,1,5,1616.6,2025-03-26
1045,160,10,1,24.6,2025-01-03
1046,41,4,2,238.74,2024-08-21
1047,93,7,3,1341.51,2025-01-15
1048,143,6,2,683.16,2024-08-24
1049,13,1,1,323.32,2025-04-13
1050,134,5,4,1483.48,2025-05-05
1051,126,10,1,24.6,2024-08-31
1052,11,6,1,341.58,2024-10-07
1053,35,9,4,866.96,2025-03-29
1054,194,5,2,741.74,2024-07-29
1055,81,4,3,358.11,2025-04-04
1056,125,3,1,144.76,2025-05-17
1057,156,7,1,447.17,2025-01-19
1058,26,7,3,1341.51,2024-06-03
1059,113,2,1,22.26,2024-09-17
1060,95,6,3,1024.74,2025-05-01
1061,162,2,3,66.78,2024-07-28
1062,74,8,3,157.8,2024-07-22
1063,75,6,4,1366.32,2024-12-28
1064,190,4,2,238.74,2024-09-07
1065,154,6,2,683.16,2025-04-08
1066,6,5,5,1854.35,2024-08-08
1067,136,7,4,1788.68,2024-07-14
1068,63,4,5,596.85,2025-02-13
1069,88,7,2,894.34,2025-05-04
1070,199,10,2,49.2,2024-06-12
1071,134,10,2,49.2,2024-07-23
1072,99,2,1,22.26,2024-06-07
1073,112,1,5,1616.6,2024-10-19
1074,33,2,4,89.04,2025-04-04
1075,38,5,5,1854.35,2025-04-04
1076,183,5,2,741.74,2024-09-02
1077,169,3,4,579.04,2025-01-16
1078,91,9,5,1083.7,2024-10-05
1079,28,10,2,49.2,2024-06-08
1080,11,2,2,44.52,2024-08-08
1081,76,9,4,866.96,2024-09-13
1082,18,7,3,1341.51,2024-06-22
1083,104,1,4,1293.28,2024-07-21
1084,166,5,3,1112.61,2025-03-17
1085,191,3,1,144.76,2024-11-12
1086,18,3,4,579.04,2024-12-23
1087,32,8,3,157.8,2024-07-16
1088,60,7,5,2235.85,2025-03-18
1089,73,8,2,105.2,2024-06-26
1090,83,7,1,447.17,2024-12-03
1091,172,2,4,89.04,2024-11-23
1092,57,4,3,358.11,2025-03-31
1093,83,3,5,723.8,2024-10-20
1094,177,6,3,1024.74,2024-12-18
1095,71,8,4,210.4,2025-01-18
1096,177,2,3,66.78,2024-07-14
1097,183,6,4,1366.32,2024-11-24
1098,67,1,3,969.96,2024-12-14
1099,156,8,2,105.2,2024-08-27
1100,12,9,4,866.96,2025-01-26
1101,33,2,4,89.04,2024-06-18
1102,96,7,1,447.17,2025-03-11
1103,5,2,2,44.52,2025-04-02
1104,129,7,4,1788.68,2025-05-20
1105,197,2,5,111.3,2025-05-04
1106,157,3,3,434.28,2025-02-12
1107,38,2,5,111.3,2024-12-21
1108,43,9,3,650.22,2024-09-27
1109,88,2,3,66.78,2024-11-26
1110,45,4,1,119.37,2025-02-06
1111,69,5,4,1483.48,2024-06-14
1112,39,4,3,358.11,2024-06-25
1113,44,9,1,216.74,2024-12-05
1114,180,9,5,1083.7,2025-04-27
1115,4,10,1,24.6,2024-11-04
1116,121,8,5,263.0,2024-11-14
1117,168,8,4,210.4,2025-02-23
1118,125,3,3,434.28,2024-07-13
1119,79,6,2,683.16,2024-12-09
1120,183,5,5,1854.35,2025-03-05
1121,112,8,3,157.8,2025-05-21
1122,85,9,2,433.48,2024-11-21
1123,190,5,2,741.74,2024-06-30
1124,181,1,5,1616.6,2025-05-17
1125,37,10,3,73.8,2024-07-03
1126,128,5,2,741.74,2024-10-05
1127,102,9,1,216.74,2025-01-24
1128,80,10,1,24.6,2024-07-29
1129,167,1,3,969.96,2024-06-27
1130,12,4,4,477.48,2024-07-21
1131,86,5,1,370.87,2024-09-16
1132,43,7,5,2235.85,2025-01-30
1133,14,7,3,1341.51,2025-02-02
1134,171,8,2,105.2,2025-01-15
1135,105,6,1,341.58,2024-12-31
1136,194,3,3,434.28,2025-03-05
1137,188,7,3,1341.51,2024-10-06
1138,135,1,4,1293.28,2024-10-27
1139,168,5,2,741.74,2025-01-20
1140,178,8,2,105.2,2024-12-25
1141,137,8,2,105.2,2024-09-24
1142,76,2,5,111.3,2024-11-25
1143,106,6,3,1024.74,2024-12-15
1144,6,7,5,2235.85,2025-01-23
1145,52,7,5,2235.85,2024-11-16
1146,144,1,3,969.96,2024-07-10
1147,101,5,2,741.74,2025-04-06
1148,175,1,3,969.96,2025-03-01
1149,44,10,4,98.4,2024-07-16
1150,181,3,3,434.28,2025-04-29
1151,167,5,3,1112.61,2025-02-11
1152,163,6,1,341.58,2025-02-09
1153,100,2,4,89.04,2025-05-08
1154,114,4,1,119.37,2025-03-27
1155,141,3,2,289.52,2025-01-02
1156,3,9,2,433.48,2025-03-08
1157,188,8,4,210.4,2025-05-04
1158,115,7,5,2235.85,2024-08-24
1159,46,2,3,66.78,2024-11-16
1160,14,6,1,341.58,2024-11-24
1161,41,5,4,1483.48,2025-05-12
1162,122,6,1,341.58,2024-08-29
1163,121,5,3,1112.61,2024-11-09
1164,48,9,5,1083.7,2024-10-11
1165,20,9,1,216.74,2025-04-19
1166,71,1,4,1293.28,2024-11-25
1167,132,10,3,73.8,2024-11-03
1168,28,8,3,157.8,2024-11-10
1169,28,5,5,1854.35,2025-03-12
1170,27,5,4,1483.48,2024-07-08
1171,169,4,3,358.11,2024-10-01
1172,43,7,1,447.17,2024-11-14
1173,182,5,2,741.74,2024-10-01
1174,94,6,4,1366.32,2025-02-15
1175,29,7,1,447.17,2024-09-08
1176,132,10,5,123.0,2024-10-25
1177,100,4,5,596.85,2024-07-31
1178,10,10,3,73.8,2025-02-23
1179,170,1,5,1616.6,2025-05-26
1180,146,2,2,44.52,2024-12-03
1181,5,7,1,447.17,2024-06-28
1182,86,1,4,1293.28,2024-07-07
1183,148,8,3,157.8,2025-04-21
1184,127,8,4,210.4,2024-07-05
1185,120,1,1,323.32,2024-07-08
1186,168,5,2,741.74,2024-11-16
1187,41,2,1,22.26,2024-07-09
1188,192,8,1,52.6,2025-03-18
1189,176,5,3,1112.61,2025-03-15
1190,72,10,4,98.4,2024-10-24
1191,148,10,1,24.6,2025-04-13
1192,57,9,1,216.74,2024-07-22
1193,168,2,2,44.52,2025-01-04
1194,164,6,5,1707.9,2024-06-25
1195,110,2,2,44.52,2025-01-15
1196,56,5,4,1483.48,2025-01-06
1197,193,3,4,579.04,2025-01-06
1198,36,1,3,969.96,2024-10-08
1199,58,7,5,2235.85,2025-02-17
1200,86,3,4,579.04,2024-07-19
1201,148,2,5,111.3,2024-11-08
1202,67,9,2,433.48,2024-10-17
1203,43,1,4,1293.28,2025-05-07
1204,140,5,1,370.87,2025-02-15
1205,105,4,4,477.48,2025-06-02
1206,150,4,5,596.85,2025-03-20
1207,153,4,4,477.48,2024-11-13
1208,19,2,3,66.78,2025-05-05
1209,191,4,1,119.37,2025-05-23
1210,147,9,3,650.22,2025-03-09
1211,33,5,2,741.74,2024-06-21
1212,43,2,4,89.04,2024-09-21
1213,44,2,4,89.04,2025-01-21
1214,135,9,2,433.48,2024-10-01
1215,34,4,3,358.11,2024-10-16
1216,122,8,1,52.6,2024-07-12
1217,194,5,3,1112.61,2025-01-12
1218,71,2,5,111.3,2024-12-16
1219,2,6,3,1024.74,2024-08-23
1220,141,9,1,216.74,2024-08-01
1221,37,10,4,98.4,2025-02-12
1222,130,7,3,1341.51,2024-12-06
1223,96,7,2,894.34,2024-08-28
1224,19,10,1,24.6,2025-04-27
1225,177,10,4,98.4,2024-07-14
1226,106,1,1,323.32,2024-10-15
1227,181,1,2,646.64,2025-04-26
1228,159,9,5,1083.7,2025-01-04
1229,56,4,1,119.37,2024-10-22
1230,48,4,1,119.37,2024-07-16
1231,91,5,3,1112.61,2025-03-25
1232,173,6,2,683.16,2024-09-18
1233,52,6,2,683.16,2025-01-10
1234,95,1,5,1616.6,2024-08-28
1235,81,7,2,894.34,2025-04-11
1236,33,6,1,341.58,2024-11-15
1237,130,2,5,111.3,2025-04-26
1238,70,5,2,741.74,2025-01-05
1239,192,6,5,1707.9,2025-03-27
1240,140,1,2,646.64,2025-04-15
1241,111,9,2,433.48,2025-01-29
1242,167,3,3,434.28,2025-01-26
1243,193,1,2,646.64,2025-02-19
1244,7,8,5,263.0,2025-02-06
1245,162,10,1,24.6,2025-01-04
1246,82,7,3,1341.51,2024-06-12
1247,1,8,2,105.2,2025-01-24
1248,34,10,2,49.2,2025-05-28
1249,73,1,5,1616.6,2025-02-12
1250,60,7,3,1341.51,2025-04-20
1251,189,5,2,741.74,2025-02-26
1252,29,5,1,370.87,2024-09-13
1253,20,9,1,216.74,2024-06-13
1254,61,7,2,894.34,2024-08-11
1255,158,9,1,216.74,2024-09-16
1256,17,3,3,434.28,2025-03-01
1257,70,3,2,289.52,2025-03-25
1258,136,10,5,123.0,2024-09-29
1259,116,5,3,1112.61,2025-05-25
1260,49,5,1,370.87,2024-10-11
1261,48,8,2,105.2,2024-10-16
1262,100,10,3,73.8,2024-06-04
1263,51,2,1,22.26,2024-08-11
1264,184,8,2,105.2,2025-05-05
1265,79,9,4,866.96,2024-07-27
1266,84,2,5,111.3,2025-01-07
1267,156,4,1,119.37,2025-02-12
1268,51,8,1,52.6,2024-11-04
1269,49,8,4,210.4,2024-06-29
1270,58,3,4,579.04,2024-07-27
1271,3,4,3,358.11,2025-03-16
1272,118,2,5,111.3,2025-02-02
1273,26,10,5,123.0,2024-06-13
1274,90,6,1,341.58,2024-07-07
1275,153,6,4,1366.32,2025-03-18
1276,168,9,5,1083.7,2024-12-25
1277,163,9,2,433.48,2024-08-24
1278,97,8,5,263.0,2024-10-26
1279,165,6,1,341.58,2024-11-12
1280,6,10,5,123.0,2024-11-25
1281,5,2,3,66.78,2024-10-12
1282,13,4,4,477.48,2024-08-02
1283,7,10,1,24.6,2024-10-23
1284,93,10,1,24.6,2024-10-01
1285,40,7,4,1788.68,2025-03-09
1286,167,4,4,477.48,2024-10-05
1287,155,1,4,1293.28,2025-03-30
1288,37,1,1,323.32,2025-06-02
1289,78,10,4,98.4,2025-01-08
1290,22,4,4,477.48,2025-01-19
1291,178,3,1,144.76,2024-07-04
1292,114,8,1,52.6,2025-05-11
1293,44,1,3,969.96,2024-06-22
1294,108,9,5,1083.7,2024-08-01
1295,193,2,2,44.52,2024-08-02
1296,155,3,1,144.76,2025-03-21
1297,34,5,2,741.74,2025-01-27
1298,170,3,3,434.28,2024-06-21
1299,159,2,5,111.3,2025-02-18
1300,88,2,5,111.3,2024-07-03
1301,79,2,5,111.3,2024-09-15
1302,73,8,3,157.8,2024-11-21
1303,30,9,4,866.96,2025-02-14
1304,107,9,5,1083.7,2024-11-13
1305,69,4,5,596.85,2024-12-07
1306,8,5,3,1112.61,2025-01-23
1307,51,3,4,579.04,2024-11-20
1308,171,7,5,2235.85,2024-11-09
1309,55,8,5,263.0,2024-09-16
1310,68,5,4,1483.48,2024-08-24
1311,169,5,1,370.87,2025-03-22
1312,2,9,1,216.74,2024-12-17
1313,88,9,5,1083.7,2024-07-16
1314,124,10,2,49.2,2024-10-14
1315,14,8,4,210.4,2024-11-15
1316,155,2,4,89.04,2024-07-15
1317,101,8,2,105.2,2024-09-20
1318,93,8,4,210.4,2025-02-20
1319,126,9,3,650.22,2025-02-20
1320,127,5,4,1483.48,2025-01-18
1321,18,3,4,579.04,2024-12-07
1322,49,10,4,98.4,2024-12-23
1323,93,7,1,447.17,2025-02-16
1324,10,7,3,1341.51,2024-09-29
1325,177,2,4,89.04,2024-06-19
1326,59,1,3,969.96,2024-08-26
1327,170,10,3,73.8,2024-11-02
1328,50,1,3,969.96,2025-01-20
1329,117,7,2,894.34,2024-06-23
1330,26,3,4,579.04,2024-06-04
1331,138,6,1,341.58,2024-08-20
1332,169,6,1,341.58,2024-09-27
1333,113,2,1,22.26,2024-08-23
1334,178,10,1,24.6,2025-03-27
1335,50,3,4,579.04,2024-07-25
1336,167,9,1,216.74,2025-03-25
1337,97,8,3,157.8,2024-09-09
1338,137,10,2,49.2,2024-09-22
1339,18,8,5,263.0,2024-10-07
1340,1,1,1,323.32,2024-07-18
1341,85,7,5,2235.85,2024-06-05
1342,10,7,5,2235.85,2024-12-12
1343,58,1,5,1616.6,2025-03-19
1344,93,8,3,157.8,2024-11-16
1345,25,10,1,24.6,2024-08-09
1346,146,5,4,1483.48,2024-07-22
1347,76,6,3,1024.74,2024-10-27
1348,12,10,4,98.4,2024-12-25
1349,100,3,1,144.76,2025-03-02
1350,107,8,3,157.8,2024-08-30
1351,194,10,5,123.0,2024-12-13
1352,100,8,3,157.8,2025-01-04
1353,10,9,3,650.22,2025-04-21
1354,87,1,1,323.32,2025-02-16
1355,128,6,5,1707.9,2025-04-11
1356,113,7,5,2235.85,2024-10-17
1357,179,1,2,646.64,2024-06-29
1358,181,8,2,105.2,2024-11-03
1359,123,3,4,579.04,2025-05-02
1360,45,2,2,44.52,2025-03-17
1361,194,5,1,370.87,2024-06-18
1362,85,1,3,969.96,2024-11-18
1363,153,10,5,123.0,2024-06-09
1364,128,6,3,1024.74,2024-11-27
1365,20,10,1,24.6,2025-05-25
1366,134,3,3,434.28,2024-07-02
1367,185,3,5,723.8,2025-05-02
1368,12,5,2,741.74,2024-10-01
1369,46,3,4,579.04,2025-01-11
1370,86,2,5,111.3,2024-11-15
1371,50,8,5,263.0,2025-01-10
1372,31,2,5,111.3,2024-11-06
1373,170,6,5,1707.9,2025-03-04
1374,178,1,1,323.32,2025-02-05
1375,144,3,5,723.8,2024-11-11
1376,3,2,3,66.78,2024-09-22
1377,86,9,1,216.74,2024-07-16
1378,17,7,2,894.34,2024-11-06
1379,189,10,3,73.8,2024-06-10
1380,37,10,3,73.8,2024-10-06
1381,176,3,3,434.28,2024-08-07
1382,145,2,3,66.78,2025-04-09
1383,65,10,1,24.6,2025-01-28
1384,113,1,2,646.64,2024-11-27
1385,122,4,2,238.74,2025-04-21
1386,16,7,5,2235.85,2025-02-24
1387,141,1,4,1293.28,2025-05-25
1388,160,8,1,52.6,2024-10-20
1389,196,6,2,683.16,2024-07-06
1390,69,5,1,370.87,2024-11-18
1391,112,1,1,323.32,2025-04-25
1392,131,8,5,263.0,2024-07-13
1393,37,1,2,646.64,2024-09-04
1394,44,2,4,89.04,2024-11-18
1395,20,2,4,89.04,2025-01-16
1396,26,4,4,477.48,2024-11-04
1397,41,8,3,157.8,2024-12-22
1398,17,5,2,741.74,2024-07-02
1399,116,2,3,66.78,2024-11-02
1400,182,4,3,358.11,2025-05-06
1401,24,2,3,66.78,2024-09-30
1402,39,9,5,1083.7,2025-03-18
1403,187,6,5,1707.9,2024-10-11
1404,131,10,1,24.6,2024-08-27
1405,17,9,1,216.74,2024-10-09
1406,110,5,2,741.74,2025-03-31
1407,167,7,2,894.34,2024-08-06
1408,141,10,5,123.0,2024-07-01
1409,94,5,1,370.87,2024-12-17
1410,38,10,1,24.6,2025-02-02
1411,110,1,3,969.96,2024-07-16
1412,27,7,4,1788.68,2024-12-25
1413,157,1,4,1293.28,2024-12-17
1414,59,7,4,1788.68,2024-08-16
1415,159,3,5,723.8,2025-05-19
1416,15,10,4,98.4,2025-03-30
1417,8,8,4,210.4,2024-10-15
1418,78,5,3,1112.61,2024-10-16
1419,193,4,2,238.74,2025-03-11
1420,150,8,5,263.0,2025-04-16
1421,21,7,1,447.17,2025-02-07
1422,109,5,3,1112.61,2025-04-14
1423,101,7,4,1788.68,2024-07-29
1424,104,5,1,370.87,2024-09-01
1425,34,9,3,650.22,2024-07-11
1426,129,10,5,123.0,2024-07-28
1427,56,5,4,1483.48,2024-09-09
1428,14,3,5,723.8,2024-08-17
1429,144,6,3,1024.74,2024-08-08
1430,79,7,1,447.17,2025-01-21
1431,110,8,2,105.2,2024-07-31
1432,47,10,4,98.4,2025-03-24
1433,26,3,5,723.8,2025-03-23
1434,32,6,1,341.58,2025-02-11
1435,42,7,1,447.17,2024-07-01
1436,33,1,2,646.64,2024-08-09
1437,6,5,3,1112.61,2025-03-29
1438,119,8,2,105.2,2025-01-31
1439,53,3,2,289.52,2024-12-10
1440,87,5,3,1112.61,2024-11-29
1441,198,9,3,650.22,2025-03-21
1442,60,1,3,969.96,2025-01-06
1443,97,4,1,119.37,2025-03-24
1444,94,5,1,370.87,2025-01-13
1445,83,7,4,1788.68,2024-11-23
1446,103,10,4,98.4,2025-02-21
1447,169,2,2,44.52,2025-05-26
1448,45,10,2,49.2,2025-05-10
1449,162,5,4,1483.48,2025-01-07
1450,182,5,5,1854.35,2025-02-06
1451,6,10,2,49.2,2025-02-03
1452,112,4,5,596.85,2025-01-30
1453,157,7,5,2235.85,2024-10-05
1454,101,4,3,358.11,2025-05-03
1455,166,2,1,22.26,2025-01-31
1456,30,2,4,89.04,2024-10-02
1457,78,4,1,119.37,2024-07-30
1458,29,4,4,477.48,2024-11-19
1459,98,6,1,341.58,2024-06-28
1460,30,4,4,477.48,2024-12-01
1461,35,2,1,22.26,2024-11-20
1462,83,2,3,66.78,2025-02-02
1463,179,9,5,1083.7,2024-09-27
1464,87,7,4,1788.68,2025-04-07
1465,21,3,5,723.8,2024-09-16
1466,159,10,4,98.4,2025-01-17
1467,111,9,4,866.96,2024-06-23
1468,65,9,3,650.22,2024-10-16
1469,44,9,1,216.74,2024-12-16
1470,199,1,4,1293.28,2024-06-30
1471,121,5,1,370.87,2024-09-30
1472,54,8,3,157.8,2024-11-28
1473,30,7,2,894.34,2024-11-24
1474,123,7,5,2235.85,2024-06-16
1475,92,7,4,1788.68,2024-06-24
1476,41,1,3,969.96,2024-10-23
1477,38,6,1,341.58,2025-04-20
1478,93,5,4,1483.48,2024-09-21
1479,71,8,1,52.6,2024-07-01
1480,176,9,2,433.48,2025-02-07
1481,154,8,4,210.4,2025-05-03
1482,14,8,5,263.0,2025-04-30
1483,22,10,4,98.4,2024-07-07
1484,49,9,5,1083.7,2025-01-26
1485,183,3,1,144.76,2025-01-18
1486,97,1,4,1293.28,2024-12-15
1487,192,10,3,73.8,2024-10-29
1488,94,5,3,1112.61,2024-11-28
1489,62,1,2,646.64,2025-01-13
1490,58,2,3,66.78,2025-01-03
1491,174,4,2,238.74,2025-04-05
1492,164,3,1,144.76,2025-03-15
1493,66,7,5,2235.85,2025-05-15
1494,90,2,1,22.26,2024-06-17
1495,40,1,5,1616.6,2024-11-23
1496,105,9,5,1083.7,2025-05-21
1497,154,2,2,44.52,2025-04-12
1498,1,4,3,358.11,2025-01-10
1499,126,5,3,1112.61,2025-02-10
1500,153,3,2,289.52,2024-08-14
1501,133,8,2,105.2,2024-10-04
1502,43,4,1,119.37,2025-01-22
1503,71,10,2,49.2,2024-12-03
1504,2,8,3,157.8,2024-12-13
1505,59,2,2,44.52,2024-07-30
1506,155,8,2,105.2,2024-06-26
1507,175,9,5,1083.7,2024-11-23
1508,77,4,2,238.74,2024-07-12
1509,27,5,1,370.87,2025-04-12
1510,63,9,2,433.48,2025-05-17
1511,104,9,4,866.96,2025-04-23
1512,162,3,4,579.04,2024-10-13
1513,105,9,5,1083.7,2025-03-06
1514,162,6,5,1707.9,2024-07-04
1515,154,3,4,579.04,2024-12-14
1516,13,7,5,2235.85,2025-02-07
1517,116,9,5,1083.7,2024-08-08
1518,67,1,3,969.96,2024-06-17
1519,174,8,3,157.8,2024-09-06
1520,10,5,2,741.74,2025-03-03
1521,129,1,4,1293.28,2024-11-19
1522,125,8,1,52.6,2024-11-19
1523,130,9,4,866.96,2024-12-22
1524,133,3,4,579.04,2024-12-22
1525,140,2,3,66.78,2025-01-24
1526,171,6,3,1024.74,2024-08-02
1527,80,6,5,1707.9,2024-10-21
1528,171,8,1,52.6,2024-10-24
1529,112,9,3,650.22,2025-05-24
1530,124,2,5,111.3,2024-09-19
1531,33,1,1,323.32,2024-10-30
1532,10,9,3,650.22,2024-11-07
1533,139,4,4,477.48,2025-03-29
1534,136,10,4,98.4,2024-10-11
1535,145,6,1,341.58,2025-02-20
1536,153,9,1,216.74,2025-01-20
1537,95,3,3,434.28,2024-06-22
1538,109,4,3,358.11,2025-04-04
1539,57,4,1,119.37,2025-02-02
1540,148,7,1,447.17,2025-02-08
1541,57,1,5,1616.6,2024-10-09
1542,24,10,5,123.0,2024-06-27
1543,15,9,5,1083.7,2024-10-08
1544,174,8,4,210.4,2024-07-08
1545,25,2,4,89.04,2025-01-04
1546,185,1,5,1616.6,2025-02-20
1547,16,9,5,1083.7,2024-10-30
1548,196,9,1,216.74,2024-09-20
1549,33,1,4,1293.28,2024-09-07
1550,37,2,5,111.3,2025-03-10
1551,77,4,2,238.74,2025-04-28
1552,35,5,3,1112.61,2025-02-11
1553,131,1,5,1616.6,2025-05-19
1554,32,7,4,1788.68,2025-01-22
1555,112,2,5,111.3,2025-05-07
1556,100,2,2,44.52,2024-07-30
1557,146,9,1,216.74,2024-10-09
1558,18,8,4,210.4,2024-07-03
1559,169,8,1,52.6,2025-01-14
1560,185,1,3,969.96,2025-02-14
1561,184,10,1,24.6,2024-07-26
1562,28,1,5,1616.6,2025-05-24
1563,102,8,2,105.2,2024-10-15
1564,55,3,1,144.76,2024-09-30
1565,101,6,2,683.16,2025-02-11
1566,200,5,4,1483.48,2025-02-28
1567,192,8,4,210.4,2025-02-14
1568,2,5,5,1854.35,2024-11-01
1569,120,5,5,1854.35,2024-07-22
1570,60,3,5,723.8,2025-01-19
1571,24,8,2,105.2,2025-03-04
1572,41,4,3,358.11,2025-06-01
1573,140,2,3,66.78,2024-07-04
1574,109,9,3,650.22,2024-09-30
1575,86,3,4,579.04,2025-01-05
1576,149,10,4,98.4,2024-10-26
1577,96,7,3,1341.51,2025-02-06
1578,133,9,5,1083.7,2025-04-05
1579,133,9,1,216.74,2024-10-07
1580,179,8,3,157.8,2025-04-13
1581,132,7,1,447.17,2024-07-21
1582,180,3,3,434.28,2025-02-17
1583,85,8,1,52.6,2025-03-01
1584,173,1,5,1616.6,2025-04-19
1585,194,10,4,98.4,2025-03-15
1586,79,10,3,73.8,2025-02-23
1587,85,6,3,1024.74,2025-05-22
1588,15,8,5,263.0,2024-12-23
1589,1,6,2,683.16,2024-07-08
1590,69,8,3,157.8,2025-02-07
1591,184,5,1,370.87,2025-02-17
1592,161,10,5,123.0,2024-11-13
1593,193,1,2,646.64,2024-12-16
1594,119,6,3,1024.74,2024-10-20
1595,15,7,3,1341.51,2024-06-09
1596,182,7,4,1788.68,2024-10-20
1597,72,7,2,894.34,2024-09-29
1598,21,9,5,1083.7,2024-08-11
1599,68,9,1,216.74,2024-08-24
1600,143,9,3,650.22,2024-10-12
1601,200,8,5,263.0,2025-03-26
1602,70,6,4,1366.32,2024-12-07
1603,187,3,3,434.28,2024-08-15
1604,103,9,2,433.48,2024-08-28
1605,48,6,5,1707.9,2024-07-25
1606,62,10,1,24.6,2024-08-01
1607,104,3,4,579.04,2024-07-01
1608,131,1,5,1616.6,2024-09-24
1609,128,2,3,66.78,2025-04-25
1610,116,10,1,24.6,2025-04-04
1611,18,2,3,66.78,2024-07-11
1612,67,7,3,1341.51,2024-12-16
1613,161,5,2,741.74,2025-03-28
1614,90,10,2,49.2,2024-12-28
1615,100,10,3,73.8,2025-04-22
1616,80,8,4,210.4,2025-03-15
1617,147,7,2,894.34,2025-05-11
1618,139,9,2,433.48,2024-12-23
1619,185,5,2,741.74,2024-06-16
1620,15,7,2,894.34,2025-02-14
1621,171,9,1,216.74,2024-10-10
1622,45,2,3,66.78,2025-05-08
1623,3,8,1,52.6,2025-03-26
1624,28,2,5,111.3,2025-01-28
1625,72,10,5,123.0,2024-07-22
1626,52,10,5,123.0,2025-01-19
1627,127,8,1,52.6,2024-10-26
1628,57,7,3,1341.51,2024-07-31
1629,28,4,5,596.85,2024-08-04
1630,186,7,2,894.34,2024-08-11
1631,29,8,5,263.0,2025-04-20
1632,161,2,4,89.04,2025-02-26
1633,161,10,2,49.2,2025-03-28
1634,43,7,2,894.34,2025-01-30
1635,59,4,2,238.74,2025-04-12
1636,164,8,5,263.0,2025-05-18
1637,178,10,2,49.2,2024-08-05
1638,18,10,4,98.4,2025-03-09
1639,39,6,1,341.58,2024-11-18
1640,72,4,4,477.48,2024-06-18
1641,143,6,3,1024.74,2024-11-08
1642,33,1,2,646.64,2024-10-21
1643,110,2,4,89.04,2025-02-19
1644,17,6,5,1707.9,2025-03-08
1645,101,1,3,969.96,2024-09-02
1646,189,1,4,1293.28,2024-11-21
1647,2,5,2,741.74,2025-01-25
1648,185,4,5,596.85,2024-09-20
1649,31,1,2,646.64,2025-03-21
1650,162,10,3,73.8,2025-03-19
1651,153,7,4,1788.68,2025-04-02
1652,46,6,2,683.16,2024-11-23
1653,150,2,3,66.78,2024-08-31
1654,129,3,5,723.8,2024-12-26
1655,138,3,4,579.04,2024-09-02
1656,110,2,4,89.04,2024-09-30
1657,135,3,3,434.28,2025-04-12
1658,139,3,4,579.04,2025-04-02
1659,164,7,5,2235.85,2024-12-01
1660,196,1,5,1616.6,2025-05-19
1661,35,2,4,89.04,2025-04-22
1662,188,9,2,433.48,2024-08-16
1663,56,5,2,741.74,2024-10-22
1664,61,2,5,111.3,2025-02-20
1665,87,9,2,433.48,2025-01-09
1666,87,2,3,66.78,2024-11-20
1667,101,8,1,52.6,2024-11-28
1668,154,10,4,98.4,2025-03-27
1669,135,2,3,66.78,2024-09-19
1670,82,9,5,1083.7,2025-03-31
1671,195,1,1,323.32,2024-10-28
1672,158,9,5,1083.7,2024-12-14
1673,163,7,1,447.17,2024-12-23
1674,154,1,3,969.96,2024-11-11
1675,85,4,1,119.37,2024-08-03
1676,33,4,2,238.74,2025-04-15
1677,161,8,3,157.8,2024-08-18
1678,64,9,4,866.96,2025-04-09
1679,85,8,5,263.0,2025-01-22
1680,73,10,2,49.2,2024-07-25
1681,122,7,4,1788.68,2025-05-07
1682,188,6,1,341.58,2024-09-07
1683,174,8,2,105.2,2024-06-22
1684,108,7,4,1788.68,2025-02-06
1685,171,10,3,73.8,2024-12-05
1686,138,5,1,370.87,2025-05-07
1687,57,10,4,98.4,2024-10-24
1688,66,5,1,370.87,2025-01-03
1689,186,6,4,1366.32,2025-05-30
1690,119,8,5,263.0,2024-07-11
1691,1,4,3,358.11,2025-03-05
1692,139,5,2,741.74,2025-04-26
1693,141,9,4,866.96,2024-12-19
1694,68,8,1,52.6,2025-04-28
1695,134,1,3,969.96,2024-07-20
1696,58,8,2,105.2,2024-09-20
1697,124,2,1,22.26,2024-07-04
1698,124,2,3,66.78,2025-03-25
1699,199,10,1,24.6,2024-08-03
1700,70,1,3,969.96,2024-09-15
1701,194,3,2,289.52,2024-11-23
1702,184,2,2,44.52,2025-05-19
1703,145,3,1,144.76,2024-12-18
1704,162,9,3,650.22,2024-07-29
1705,193,6,4,1366.32,2025-04-20
1706,6,3,2,289.52,2024-11-18
1707,110,6,4,1366.32,2024-07-07
1708,15,8,4,210.4,2025-05-21
1709,128,10,5,123.0,2024-08-27
1710,185,7,1,447.17,2025-04-15
1711,32,5,1,370.87,2024-11-24
1712,171,3,1,144.76,2025-05-11
1713,10,5,3,1112.61,2024-10-15
1714,192,10,2,49.2,2025-05-29
1715,184,10,2,49.2,2024-06-12
1716,34,9,5,1083.7,2024-11-10
1717,77,6,5,1707.9,2024-06-22
1718,169,6,5,1707.9,2024-11-02
1719,112,6,4,1366.32,2024-12-13
1720,196,1,1,323.32,2024-10-25
1721,17,2,3,66.78,2024-09-01
1722,179,3,2,289.52,2024-10-29
1723,87,3,3,434.28,2024-07-03
1724,106,9,1,216.74,2024-10-25
1725,72,6,1,341.58,2024-08-28
1726,163,1,2,646.64,2024-06-12
1727,113,8,4,210.4,2024-10-03
1728,39,3,5,723.8,2025-05-29
1729,28,10,4,98.4,2024-07-10
1730,16,9,1,216.74,2025-04-23
1731,21,10,1,24.6,2025-03-06
1732,29,5,4,1483.48,2025-02-09
1733,198,2,5,111.3,2024-10-10
1734,104,6,5,1707.9,2025-04-05
1735,130,5,1,370.87,2024-07-28
1736,192,6,5,1707.9,2024-07-25
1737,35,5,5,1854.35,2024-06-16
1738,136,10,2,49.2,2024-09-21
1739,47,4,2,238.74,2025-05-24
1740,92,5,3,1112.61,2025-04-20
1741,153,5,4,1483.48,2024-12-02
1742,140,2,1,22.26,2025-02-27
1743,175,5,5,1854.35,2025-04-20
1744,170,8,3,157.8,2024-07-25
1745,66,2,2,44.52,2025-03-23
1746,32,2,5,111.3,2025-03-03
1747,119,10,4,98.4,2024-12-01
1748,45,4,2,238.74,2024-11-23
1749,106,8,1,52.6,2025-01-26
1750,128,7,5,2235.85,2024-06-04
1751,75,10,3,73.8,2025-05-19
1752,11,5,1,370.87,2024-07-02
1753,39,9,5,1083.7,2024-06-09
1754,61,5,5,1854.35,2024-09-09
1755,113,9,5,1083.7,2024-08-24
1756,153,7,5,2235.85,2025-04-22
1757,60,1,5,1616.6,2024-07-30
1758,192,1,1,323.32,2025-01-01
1759,138,4,4,477.48,2025-06-02
1760,62,5,4,1483.48,2025-03-11
1761,112,4,1,119.37,2025-01-24
1762,11,9,4,866.96,2024-12-23
1763,47,1,3,969.96,2024-11-13
1764,193,7,3,1341.51,2024-07-15
1765,173,5,1,370.87,2025-03-30
1766,79,9,3,650.22,2024-09-21
1767,77,3,1,144.76,2024-09-02
1768,160,1,3,969.96,2024-09-26
1769,55,5,2,741.74,2024-07-19
1770,79,1,1,323.32,2024-06-20
1771,78,10,5,123.0,2024-09-02
1772,145,4,3,358.11,2024-11-12
1773,92,6,2,683.16,2025-02-05
1774,58,7,1,447.17,2025-04-06
1775,135,9,3,650.22,2025-01-29
1776,89,5,5,1854.35,2024-11-26
1777,40,3,3,434.28,2024-06-26
1778,24,7,2,894.34,2024-07-15
1779,176,1,4,1293.28,2025-04-22
1780,156,4,4,477.48,2025-05-19
1781,178,3,2,289.52,2024-12-13
1782,71,3,2,289.52,2025-01-19
1783,136,1,1,323.32,2024-12-27
1784,108,4,4,477.48,2024-06-08
1785,66,10,1,24.6,2025-02-02
1786,159,10,3,73.8,2024-12-19
1787,199,3,2,289.52,2025-01-11
1788,88,4,1,119.37,2024-09-03
1789,47,10,2,49.2,2025-03-08
1790,149,8,1,52.6,2024-07-27
1791,125,3,3,434.28,2024-09-23
1792,64,7,3,1341.51,2024-11-15
1793,35,6,5,1707.9,2024-06-02
1794,144,9,4,866.96,2025-01-26
1795,36,8,5,263.0,2024-10-17
1796,12,10,4,98.4,2024-09-03
1797,176,1,3,969.96,2025-01-09
1798,189,3,1,144.76,2024-11-10
1799,199,6,2,683.16,2024-08-13
1800,90,6,3,1024.74,2025-02-15
1801,11,9,3,650.22,2025-02-16
1802,110,1,1,323.32,2024-07-05
1803,55,3,3,434.28,2024-12-22
1804,62,6,3,1024.74,2024-10-20
1805,150,4,1,119.37,2024-06-28
1806,155,6,3,1024.74,2024-12-23
1807,13,8,4,210.4,2024-12-30
1808,124,8,4,210.4,2024-12-16
1809,141,8,4,210.4,2025-04-03
1810,47,5,4,1483.48,2024-12-16
1811,103,2,3,66.78,2025-01-03
1812,35,6,2,683.16,2024-06-09
1813,141,1,4,1293.28,2024-10-31
1814,72,10,4,98.4,2025-05-07
1815,69,5,3,1112.61,2024-12-01
1816,125,4,5,596.85,2024-06-18
1817,68,10,3,73.8,2025-02-03
1818,45,7,1,447.17,2024-10-30
1819,11,6,4,1366.32,2024-10-24
1820,82,6,1,341.58,2024-09-08
1821,131,6,4,1366.32,2025-03-19
1822,122,5,5,1854.35,2024-06-08
1823,1,2,2,44.52,2024-10-18
1824,116,1,5,1616.6,2025-04-04
1825,137,7,3,1341.51,2024-06-28
1826,34,9,3,650.22,2024-10-13
1827,86,3,1,144.76,2024-09-03
1828,71,1,1,323.32,2025-03-13
1829,173,5,3,1112.61,2025-02-12
1830,141,10,3,73.8,2025-01-31
1831,52,2,3,66.78,2024-07-12
1832,10,9,4,866.96,2025-03-28
1833,71,6,5,1707.9,2025-01-13
1834,164,4,4,477.48,2025-03-14
1835,35,5,2,741.74,2025-03-22
1836,23,9,4,866.96,2024-10-09
1837,18,1,3,969.96,2024-07-23
1838,88,4,4,477.48,2024-06-19
1839,109,3,1,144.76,2024-10-16
1840,21,1,3,969.96,2024-12-31
1841,146,7,5,2235.85,2024-10-11
1842,125,6,4,1366.32,2025-04-13
1843,176,10,3,73.8,2025-02-06
1844,180,2,1,22.26,2024-08-08
1845,172,7,1,447.17,2025-04-20
1846,32,8,4,210.4,2025-03-31
1847,106,8,3,157.8,2025-02-22
1848,30,8,5,263.0,2024-11-29
1849,13,10,2,49.2,2025-02-27
1850,30,1,1,323.32,2024-12-04
1851,197,3,2,289.52,2025-02-02
1852,175,2,5,111.3,2024-08-11
1853,12,1,4,1293.28,2025-04-13
1854,152,3,1,144.76,2024-07-24
1855,131,9,2,433.48,2024-06-26
1856,161,1,1,323.32,2025-03-07
1857,81,10,2,49.2,2025-03-30
1858,184,6,3,1024.74,2024-11-26
1859,6,6,3,1024.74,2024-06-16
1860,38,8,4,210.4,2024-09-23
1861,155,2,5,111.3,2024-08-19
1862,2,2,1,22.26,2024-06-19
1863,25,1,5,1616.6,2025-04-05
1864,55,1,2,646.64,2024-08-18
1865,15,5,4,1483.48,2025-05-12
1866,131,3,3,434.28,2024-06-18
1867,1,1,3,969.96,2024-10-02
1868,60,4,4,477.48,2025-05-30
1869,84,9,1,216.74,2024-09-30
1870,118,3,5,723.8,2024-12-19
1871,126,10,2,49.2,2024-11-03
1872,80,4,5,596.85,2025-04-14
1873,12,10,3,73.8,2024-12-29
1874,93,8,4,210.4,2024-12-02
1875,134,4,3,358.11,2024-09-08
1876,132,2,3,66.78,2024-06-16
1877,47,5,2,741.74,2025-03-21
1878,53,7,1,447.17,2025-02-08
1879,102,3,1,144.76,2024-08-15
1880,154,3,2,289.52,2024-09-21
1881,71,9,4,866.96,2024-10-18
1882,68,1,5,1616.6,2025-05-02
1883,130,3,4,579.04,2025-04-01
1884,95,2,5,111.3,2024-06-20
1885,26,7,1,447.17,2025-05-04
1886,160,9,3,650.22,2025-02-11
1887,83,8,3,157.8,2024-10-08
1888,197,6,4,1366.32,2024-09-16
1889,56,7,2,894.34,2024-07-20
1890,181,3,5,723.8,2025-04-08
1891,89,2,3,66.78,2024-10-22
1892,118,9,4,866.96,2024-11-18
1893,84,9,2,433.48,2025-05-13
1894,47,10,1,24.6,2024-11-04
1895,52,2,2,44.52,2025-03-17
1896,128,10,1,24.6,2024-11-19
1897,66,8,4,210.4,2025-05-15
1898,105,6,2,683.16,2024-10-30
1899,168,5,4,1483.48,2024-10-11
1900,23,4,1,119.37,2024-08-13
1901,27,9,3,650.22,2024-12-11
1902,151,6,3,1024.74,2025-02-25
1903,30,9,1,216.74,2024-12-12
1904,74,9,5,1083.7,2024-10-22
1905,139,10,5,123.0,2025-05-26
1906,60,8,3,157.8,2025-04-07
1907,147,5,3,1112.61,2024-12-20
1908,82,3,2,289.52,2024-09-13
1909,83,8,2,105.2,2025-04-09
1910,85,10,3,73.8,2024-07-04
1911,27,7,5,2235.85,2025-03-11
1912,16,9,2,433.48,2024-11-13
1913,124,4,1,119.37,2024-07-02
1914,5,4,2,238.74,2024-11-16
1915,93,2,2,44.52,2025-01-21
1916,122,3,2,289.52,2025-04-17
1917,74,4,4,477.48,2024-08-11
1918,4,7,1,447.17,2024-12-30
1919,72,6,3,1024.74,2024-09-24
1920,143,5,5,1854.35,2024-10-04
1921,32,8,5,263.0,2024-07-11
1922,53,10,3,73.8,2024-07-03
1923,20,4,4,477.48,2024-10-07
1924,85,8,5,263.0,2025-02-13
1925,88,3,2,289.52,2024-09-24
1926,132,1,5,1616.6,2024-09-29
1927,12,5,1,370.87,2024-11-22
1928,48,1,1,323.32,2025-01-22
1929,45,8,3,157.8,2025-03-07
1930,144,8,4,210.4,2024-11-14
1931,87,6,4,1366.32,2024-08-05
1932,2,10,5,123.0,2025-02-24
1933,161,2,4,89.04,2024-11-21
1934,44,4,4,477.48,2024-10-16
1935,170,7,5,2235.85,2024-11-22
1936,158,9,1,216.74,2024-06-18
1937,21,10,2,49.2,2025-03-11
1938,180,2,3,66.78,2025-05-05
1939,142,10,1,24.6,2025-05-22
1940,2,6,4,1366.32,2024-10-16
1941,16,8,4,210.4,2025-01-26
1942,123,6,5,1707.9,2024-11-17
1943,73,4,3,358.11,2024-09-16
1944,88,9,2,433.48,2025-02-05
1945,90,4,5,596.85,2025-04-05
1946,81,1,5,1616.6,2024-06-24
1947,74,6,2,683.16,2024-07-01
1948,42,4,2,238.74,2025-02-17
1949,90,8,4,210.4,2025-02-04
1950,22,4,5,596.85,2024-11-06
1951,142,1,1,323.32,2024-10-21
1952,117,7,1,447.17,2024-12-18
1953,67,2,5,111.3,2025-04-09
1954,103,10,2,49.2,2025-03-20
1955,106,6,3,1024.74,2025-02-20
1956,48,10,2,49.2,2024-08-03
1957,55,1,2,646.64,2024-06-14
1958,97,9,3,650.22,2024-07-27
1959,88,2,2,44.52,2025-04-27
1960,154,1,3,969.96,2025-01-23
1961,154,2,5,111.3,2025-02-20
1962,17,1,3,969.96,2025-04-01
1963,27,1,1,323.32,2024-11-19
1964,70,1,3,969.96,2024-06-15
1965,9,3,2,289.52,2024-07-21
1966,95,5,5,1854.35,2024-06-28
1967,24,8,3,157.8,2024-09-01
1968,194,10,2,49.2,2025-03-31
1969,142,3,3,434.28,2025-02-07
1970,114,7,5,2235.85,2024-10-22
1971,67,8,5,263.0,2024-10-20
1972,44,3,1,144.76,2024-10-28
1973,44,10,5,123.0,2025-01-08
1974,35,10,2,49.2,2024-06-14
1975,49,1,5,1616.6,2025-01-22
1976,42,8,5,263.0,2024-07-31
1977,162,1,2,646.64,2025-02-20
1978,123,4,2,238.74,2024-11-23
1979,53,7,5,2235.85,2024-10-24
1980,165,10,5,123.0,2024-10-24
1981,24,4,3,358.11,2024-11-21
1982,89,7,5,2235.85,2025-03-25
1983,135,9,1,216.74,2024-07-01
1984,62,2,1,22.26,2025-01-10
1985,131,6,1,341.58,2024-07-25
1986,30,9,1,216.74,2024-12-24
1987,20,4,5,596.85,2024-10-22
1988,101,6,3,1024.74,2024-11-03
1989,72,9,2,433.48,2024-10-02
1990,162,3,5,723.8,2025-02-09
1991,76,10,4,98.4,2024-09-18
1992,57,1,5,1616.6,2024-09-06
1993,29,2,1,22.26,2024-07-16
1994,53,7,4,1788.68,2024-06-12
1995,147,10,5,123.0,2025-03-14
1996,162,6,3,1024.74,2024-08-13
1997,122,5,3,1112.61,2024-12-12
1998,41,7,4,1788.68,2024-12-20
1999,82,5,2,741.74,2024-10-30
2000,23,10,4,98.4,2025-05-22
2001,154,8,3,157.8,2025-01-06
2002,184,10,4,98.4,2024-07-17
2003,77,9,1,216.74,2024-09-11
2004,147,5,1,370.87,2025-03-29
2005,194,2,2,44.52,2024-09-11
2006,21,2,4,89.04,2025-03-02
2007,117,8,4,210.4,2024-11-22
2008,81,1,4,1293.28,2024-08-24
2009,153,1,4,1293.28,2025-01-25
2010,172,9,2,433.48,2024-09-20
2011,183,6,3,1024.74,2025-02-26
2012,15,5,5,1854.35,2025-05-23
2013,67,9,2,433.48,2024-12-09
2014,44,2,3,66.78,2024-08-18
2015,163,1,3,969.96,2024-07-19
2016,179,4,3,358.11,2024-07-24
2017,168,3,4,579.04,2025-04-29
2018,1,1,2,646.64,2024-06-30
2019,141,7,3,1341.51,2024-11-24
2020,187,4,5,596.85,2024-08-08
2021,90,7,5,2235.85,2025-05-17
2022,83,2,1,22.26,2025-03-06
2023,29,9,3,650.22,2024-11-21
2024,31,3,2,289.52,2024-07-06
2025,171,5,4,1483.48,2025-04-12
2026,93,10,1,24.6,2025-02-21
2027,164,8,3,157.8,2025-04-26
2028,71,3,4,579.04,2024-10-04
2029,107,10,2,49.2,2025-02-16
2030,146,3,2,289.52,2024-10-14
2031,24,8,1,52.6,2025-03-04
2032,129,6,1,341.58,2024-06-27
2033,16,6,3,1024.74,2025-01-01
2034,136,10,4,98.4,2024-12-29
2035,86,7,5,2235.85,2024-09-22
2036,106,7,4,1788.68,2025-05-14
2037,25,10,2,49.2,2024-09-26
2038,120,10,2,49.2,2025-04-28
2039,70,2,3,66.78,2024-08-02
2040,161,7,5,2235.85,2025-03-05
2041,141,2,3,66.78,2025-03-04
2042,52,7,2,894.34,2025-05-28
2043,189,5,2,741.74,2025-02-28
2044,180,1,4,1293.28,2025-02-04
2045,2,10,5,123.0,2024-08-08
2046,122,10,4,98.4,2025-04-06
2047,138,8,4,210.4,2024-10-20
2048,36,10,3,73.8,2024-12-16
2049,196,8,4,210.4,2024-08-28
2050,46,6,1,341.58,2024-07-19
2051,41,3,1,144.76,2024-08-19
2052,132,5,4,1483.48,2025-04-05
2053,55,2,5,111.3,2024-07-25
2054,173,6,4,1366.32,2024-09-01
2055,51,5,2,741.74,2025-04-04
2056,115,2,2,44.52,2024-12-10
2057,151,10,5,123.0,2024-06-12
2058,152,10,3,73.8,2024-10-20
2059,29,1,1,323.32,2025-01-03
2060,9,6,1,341.58,2025-01-10
2061,197,2,3,66.78,2024-10-23
2062,127,6,4,1366.32,2024-11-30
2063,104,3,5,723.8,2025-04-10
2064,144,2,4,89.04,2025-01-02
2065,194,1,3,969.96,2024-07-22
2066,90,3,5,723.8,2025-01-25
2067,75,7,1,447.17,2025-05-11
2068,61,3,1,144.76,2024-07-05
2069,52,6,4,1366.32,2024-06-27
2070,33,4,2,238.74,2024-09-30
2071,17,1,3,969.96,2024-11-03
2072,91,4,3,358.11,2025-03-07
2073,47,9,4,866.96,2025-03-08
2074,17,9,3,650.22,2024-12-04
2075,178,2,1,22.26,2024-12-23
2076,99,1,4,1293.28,2024-11-08
2077,109,2,1,22.26,2025-03-27
2078,25,10,5,123.0,2024-11-08
2079,96,10,5,123.0,2025-04-17
2080,190,1,2,646.64,2025-01-11
2081,83,9,3,650.22,2024-06-30
2082,74,10,5,123.0,2024-07-20
2083,99,9,3,650.22,2024-10-03
2084,197,1,1,323.32,2025-02-06
2085,54,3,4,579.04,2024-06-30
2086,177,6,5,1707.9,2024-11-23
2087,103,9,4,866.96,2024-11-29
2088,115,9,5,1083.7,2025-02-21
2089,168,7,3,1341.51,2024-12-19
2090,54,4,5,596.85,2024-10-13
2091,18,6,5,1707.9,2024-07-21
2092,185,10,1,24.6,2025-05-08
2093,181,8,2,105.2,2025-04-19
2094,115,9,1,216.74,2025-04-01
2095,158,3,4,579.04,2025-01-02
2096,196,9,3,650.22,2025-02-05
2097,177,3,3,434.28,2025-01-16
2098,39,1,5,1616.6,2024-08-11
2099,14,5,3,1112.61,2025-03-27
2100,166,7,2,894.34,2024-07-22
2101,18,7,2,894.34,2024-11-17
2102,21,1,5,1616.6,2024-12-14
2103,190,9,5,1083.7,2025-05-21
2104,178,4,4,477.48,2025-05-05
2105,119,3,5,723.8,2024-06-23
2106,137,4,1,119.37,2025-04-20
2107,56,10,1,24.6,2024-07-20
2108,200,7,1,447.17,2024-12-20
2109,75,4,2,238.74,2024-07-31
2110,107,10,3,73.8,2024-09-28
2111,165,2,4,89.04,2024-08-04
2112,104,2,5,111.3,2024-08-03
2113,120,6,4,1366.32,2024-10-05
2114,54,2,2,44.52,2025-05-31
2115,197,3,5,723.8,2025-03-04
2116,63,8,5,263.0,2024-08-28
2117,164,4,2,238.74,2024-10-14
2118,3,10,3,73.8,2025-06-02
2119,129,10,5,123.0,2024-12-20
2120,1,1,3,969.96,2025-05-15
2121,20,6,2,683.16,2024-09-20
2122,84,7,4,1788.68,2025-04-26
2123,189,10,5,123.0,2024-07-02
2124,192,9,3,650.22,2024-09-07
2125,145,5,5,1854.35,2024-08-17
2126,141,5,3,1112.61,2025-02-03
2127,188,1,5,1616.6,2025-01-01
2128,122,8,5,263.0,2024-09-16
2129,177,2,5,111.3,2024-07-20
2130,40,1,4,1293.28,2025-01-30
2131,152,5,5,1854.35,2024-09-27
2132,106,4,3,358.11,2025-01-26
2133,93,1,4,1293.28,2024-12-26
2134,67,4,1,119.37,2024-07-08
2135,11,7,3,1341.51,2024-12-14
2136,157,10,3,73.8,2025-02-05
2137,54,6,1,341.58,2024-08-06
2138,176,3,4,579.04,2025-01-17
2139,153,9,5,1083.7,2025-06-02
2140,69,1,3,969.96,2025-01-13
2141,39,5,1,370.87,2024-07-31
2142,198,10,5,123.0,2024-08-07
2143,161,6,4,1366.32,2025-02-12
2144,92,8,3,157.8,2025-01-30
2145,49,7,5,2235.85,2025-03-08
2146,9,7,5,2235.85,2025-05-18
2147,130,2,2,44.52,2025-01-23
2148,152,5,1,370.87,2024-10-11
2149,127,4,5,596.85,2025-04-25
2150,96,5,4,1483.48,2025-05-26
2151,195,6,2,683.16,2025-01-06
2152,198,7,5,2235.85,2024-06-17
2153,164,4,5,596.85,2025-04-18
2154,80,5,4,1483.48,2025-05-03
2155,139,7,2,894.34,2024-06-13
2156,174,8,2,105.2,2024-07-03
2157,93,10,1,24.6,2024-06-19
2158,106,8,5,263.0,2025-02-06
2159,166,1,1,323.32,2025-03-28
2160,132,4,2,238.74,2025-01-11
2161,155,5,1,370.87,2024-09-12
2162,60,3,4,579.04,2025-02-09
2163,151,4,3,358.11,2024-08-22
2164,69,8,4,210.4,2025-03-26
2165,136,6,2,683.16,2025-01-10
2166,171,6,4,1366.32,2024-11-10
2167,103,4,2,238.74,2025-01-28
2168,179,6,4,1366.32,2025-02-05
2169,1,1,5,1616.6,2024-06-13
2170,8,1,5,1616.6,2024-12-12
2171,27,6,4,1366.32,2025-05-13
2172,117,8,1,52.6,2025-01-31
2173,169,2,2,44.52,2024-12-30
2174,130,2,5,111.3,2024-09-22
2175,85,10,2,49.2,2025-02-06
2176,12,7,5,2235.85,2024-09-27
2177,148,3,3,434.28,2024-12-06
2178,80,2,4,89.04,2024-09-05
2179,47,1,5,1616.6,2025-04-10
2180,55,3,4,579.04,2025-04-11
2181,28,1,3,969.96,2025-02-23
2182,71,4,2,238.74,2024-11-06
2183,8,8,4,210.4,2024-09-25
2184,87,3,5,723.8,2024-11-25
2185,155,10,3,73.8,2024-06-30
2186,193,5,5,1854.35,2025-02-24
2187,49,1,3,969.96,2024-06-25
2188,118,3,3,434.28,2024-08-02
2189,126,1,5,1616.6,2024-11-19
2190,71,6,4,1366.32,2024-11-10
2191,151,4,2,238.74,2024-12-07
2192,21,2,2,44.52,2024-11-29
2193,96,8,3,157.8,2024-08-20
2194,9,7,5,2235.85,2024-10-12
2195,110,8,3,157.8,2025-01-23
2196,23,10,2,49.2,2024-07-27
2197,165,2,3,66.78,2024-10-01
2198,4,2,3,66.78,2025-05-02
2199,114,4,2,238.74,2025-03-07
2200,187,5,4,1483.48,2024-10-04
2201,152,6,3,1024.74,2025-03-14
2202,92,8,4,210.4,2025-05-02
2203,155,5,3,1112.61,2024-10-14
2204,65,1,5,1616.6,2024-11-03
2205,36,8,3,157.8,2024-07-22
2206,26,8,3,157.8,2025-03-24
2207,67,3,1,144.76,2024-10-23
2208,87,2,5,111.3,2024-12-18
2209,139,4,5,596.85,2025-01-06
2210,37,4,4,477.48,2024-07-13
2211,121,5,4,1483.48,2024-10-03
2212,54,2,3,66.78,2024-09-03
2213,16,6,2,683.16,2024-11-30
2214,70,7,3,1341.51,2024-07-19
2215,129,2,1,22.26,2024-09-13
2216,173,2,3,66.78,2024-11-23
2217,162,4,1,119.37,2024-09-06
2218,132,3,3,434.28,2024-07-26
2219,149,4,4,477.48,2024-07-09
2220,124,10,3,73.8,2024-06-21
2221,200,1,4,1293.28,2024-09-22
2222,152,2,2,44.52,2024-10-29
2223,154,10,2,49.2,2025-05-03
2224,96,6,5,1707.9,2025-01-26
2225,192,2,3,66.78,2024-11-11
2226,13,8,5,263.0,2024-09-06
2227,63,3,3,434.28,2025-05-04
2228,174,7,2,894.34,2025-05-18
2229,107,4,1,119.37,2024-08-03
2230,109,6,5,1707.9,2025-04-13
2231,159,10,5,123.0,2024-10-07
2232,44,5,2,741.74,2025-05-30
2233,66,8,2,105.2,2025-01-12
2234,99,7,1,447.17,2025-03-09
2235,45,10,5,123.0,2024-10-01
2236,198,4,2,238.74,2024-08-14
2237,139,5,2,741.74,2025-03-25
2238,180,9,1,216.74,2024-08-02
2239,28,3,1,144.76,2024-12-12
2240,33,5,4,1483.48,2024-12-18
2241,105,8,3,157.8,2024-11-30
2242,95,5,4,1483.48,2024-12-12
2243,42,6,1,341.58,2025-05-09
2244,63,9,2,433.48,2024-09-29
2245,167,5,1,370.87,2024-12-12
2246,174,10,5,123.0,2024-06-11
2247,79,7,2,894.34,2024-07-06
2248,163,3,4,579.04,2024-11-01
2249,76,1,4,1293.28,2024-12-15
2250,32,7,4,1788.68,2024-11-26
2251,130,6,2,683.16,2024-09-03
2252,151,1,3,969.96,2024-08-24
2253,153,6,3,1024.74,2025-01-14
2254,54,1,3,969.96,2024-10-17
2255,73,4,1,119.37,2024-06-20
2256,191,4,1,119.37,2024-06-21
2257,125,10,5,123.0,2024-09-19
2258,15,7,2,894.34,2024-12-11
2259,74,8,5,263.0,2025-01-20
2260,15,9,1,216.74,2025-05-10
2261,73,2,2,44.52,2025-04-25
2262,99,5,4,1483.48,2025-02-11
2263,138,7,2,894.34,2025-02-18
2264,189,10,1,24.6,2024-12-01
2265,148,3,4,579.04,2024-09-20
2266,149,1,4,1293.28,2024-12-27
2267,165,10,2,49.2,2024-06-05
2268,103,4,3,358.11,2025-04-27
2269,4,4,1,119.37,2024-07-13
2270,66,8,1,52.6,2024-11-16
2271,187,6,3,1024.74,2024-07-24
2272,128,8,5,263.0,2025-05-10
2273,177,4,5,596.85,2024-09-12
2274,25,7,1,447.17,2025-03-11
2275,66,3,3,434.28,2024-10-22
2276,188,6,3,1024.74,2025-03-25
2277,78,9,4,866.96,2024-11-05
2278,34,9,5,1083.7,2024-10-22
2279,110,10,5,123.0,2024-06-19
2280,67,9,4,866.96,2024-11-04
2281,74,7,2,894.34,2024-06-21
2282,86,6,5,1707.9,2025-01-09
2283,82,5,4,1483.48,2025-01-06
2284,34,2,3,66.78,2024-08-16
2285,150,8,2,105.2,2024-10-20
2286,173,6,1,341.58,2025-01-02
2287,88,9,3,650.22,2024-09-22
2288,22,9,2,433.48,2024-06-30
2289,99,9,4,866.96,2024-10-30
2290,50,10,3,73.8,2024-12-14
2291,144,2,2,44.52,2024-11-23
2292,200,8,1,52.6,2025-03-25
2293,98,8,3,157.8,2025-01-01
2294,81,3,3,434.28,2024-09-18
2295,172,6,5,1707.9,2025-04-18
2296,76,8,2,105.2,2025-01-30
2297,28,9,2,433.48,2025-02-21
2298,82,10,5,123.0,2025-01-25
2299,64,5,4,1483.48,2024-07-18
2300,92,9,4,866.96,2024-07-21
2301,56,5,5,1854.35,2024-07-09
2302,69,10,3,73.8,2024-11-01
2303,74,10,1,24.6,2024-10-24
2304,126,10,4,98.4,2025-04-06
2305,48,2,1,22.26,2024-10-11
2306,69,2,2,44.52,2025-01-04
2307,69,1,2,646.64,2025-06-01
2308,65,5,4,1483.48,2024-10-21
2309,70,9,3,650.22,2025-03-22
2310,197,4,2,238.74,2024-07-28
2311,37,10,1,24.6,2024-08-18
2312,113,1,3,969.96,2025-01-21
2313,12,7,4,1788.68,2024-12-16
2314,168,4,2,238.74,2024-11-04
2315,189,10,4,98.4,2024-12-13
2316,96,3,3,434.28,2024-06-17
2317,6,3,3,434.28,2024-06-19
2318,63,8,3,157.8,2024-06-17
2319,99,9,5,1083.7,2024-07-25
2320,29,1,5,1616.6,2025-03-06
2321,133,6,1,341.58,2024-10-09
2322,69,10,3,73.8,2025-04-10
2323,194,3,3,434.28,2024-12-02
2324,63,1,2,646.64,2024-12-20
2325,113,5,1,370.87,2024-11-26
2326,77,8,1,52.6,2024-07-29
2327,89,8,4,210.4,2025-01-23
2328,108,4,3,358.11,2025-05-14
2329,19,2,2,44.52,2024-12-19
2330,26,3,4,579.04,2024-07-26
2331,52,8,5,263.0,2024-10-07
2332,11,5,3,1112.61,2025-05-29
2333,94,2,1,22.26,2025-01-26
2334,85,5,3,1112.61,2024-10-03
2335,179,3,3,434.28,2024-08-04
2336,64,2,5,111.3,2024-11-01
2337,26,4,2,238.74,2025-01-27
2338,98,9,2,433.48,2025-03-16
2339,59,10,2,49.2,2025-04-25
2340,193,8,4,210.4,2024-09-26
2341,53,7,2,894.34,2025-01-18
2342,160,5,4,1483.48,2024-10-10
2343,187,2,5,111.3,2024-12-16
2344,181,2,3,66.78,2025-04-19
2345,91,7,4,1788.68,2024-12-16
2346,11,10,5,123.0,2024-12-25
2347,180,3,4,579.04,2024-12-09
2348,131,7,5,2235.85,2025-03-04
2349,117,7,2,894.34,2025-01-06
2350,174,4,2,238.74,2024-09-26
2351,35,10,5,123.0,2024-12-03
2352,52,3,1,144.76,2025-04-14
2353,128,9,5,1083.7,2024-06-08
2354,119,10,4,98.4,2024-10-23
2355,142,5,5,1854.35,2024-10-08
2356,3,2,3,66.78,2025-02-18
2357,6,7,1,447.17,2024-07-14
2358,30,8,5,263.0,2024-11-10
2359,147,2,1,22.26,2025-01-14
2360,148,1,1,323.32,2024-09-29
2361,51,8,5,263.0,2025-04-07
2362,26,4,5,596.85,2025-05-17
2363,189,9,2,433.48,2025-03-10
2364,161,3,5,723.8,2025-05-06
2365,118,4,5,596.85,2025-02-24
2366,151,9,2,433.48,2025-02-01
2367,182,1,2,646.64,2024-06-12
2368,9,1,3,969.96,2025-01-19
2369,88,5,5,1854.35,2024-12-03
2370,160,3,4,579.04,2024-09-13
2371,7,7,1,447.17,2025-02-11
2372,150,6,2,683.16,2025-04-02
2373,136,2,5,111.3,2025-03-30
2374,146,3,4,579.04,2025-01-12
2375,125,2,1,22.26,2025-01-12
2376,58,10,5,123.0,2024-08-29
2377,191,8,4,210.4,2025-03-09
2378,38,9,1,216.74,2024-06-21
2379,47,3,4,579.04,2025-01-14
2380,179,4,2,238.74,2024-12-05
2381,150,4,5,596.85,2024-08-07
2382,62,6,4,1366.32,2024-12-22
2383,13,4,4,477.48,2025-02-01
2384,17,1,5,1616.6,2025-03-09
2385,165,7,1,447.17,2025-01-28
2386,77,2,5,111.3,2025-03-29
2387,174,5,4,1483.48,2025-04-24
2388,89,1,3,969.96,2024-10-27
2389,82,2,1,22.26,2024-07-29
2390,199,6,4,1366.32,2025-04-17
2391,144,8,3,157.8,2025-02-21
2392,73,8,1,52.6,2024-09-04
2393,42,1,2,646.64,2024-06-14
2394,108,4,5,596.85,2025-01-10
2395,190,9,1,216.74,2025-03-01
2396,14,3,1,144.76,2024-07-14
2397,4,1,4,1293.28,2024-08-15
2398,8,4,3,358.11,2024-06-09
2399,199,9,1,216.74,2024-11-20
2400,38,5,5,1854.35,2024-10-01
2401,110,7,1,447.17,2024-11-11
2402,185,2,1,22.26,2024-07-30
2403,129,3,4,579.04,2024-11-09
2404,140,9,1,216.74,2025-02-25
2405,95,8,3,157.8,2024-08-20
2406,172,8,4,210.4,2024-11-08
2407,123,9,2,433.48,2024-12-13
2408,98,8,2,105.2,2025-03-29
2409,20,10,4,98.4,2025-01-25
2410,61,4,3,358.11,2025-05-25
2411,196,5,4,1483.48,2024-12-02
2412,19,8,4,210.4,2025-05-06
2413,20,7,4,1788.68,2025-04-27
2414,104,3,4,579.04,2025-03-14
2415,188,8,1,52.6,2025-03-11
2416,72,1,5,1616.6,2024-06-26
2417,121,7,2,894.34,2025-03-03
2418,185,2,3,66.78,2024-07-25
2419,4,7,1,447.17,2024-12-20
2420,187,4,2,238.74,2024-08-21
2421,176,8,5,263.0,2025-01-05
2422,43,8,4,210.4,2024-10-06
2423,108,4,5,596.85,2025-02-14
2424,15,4,2,238.74,2024-12-04
2425,162,4,2,238.74,2024-12-23
2426,145,8,1,52.6,2024-10-26
2427,176,8,1,52.6,2024-10-01
2428,172,9,3,650.22,2024-08-08
2429,190,2,4,89.04,2024-11-27
2430,167,6,5,1707.9,2025-05-22
2431,185,9,4,866.96,2024-12-26
2432,35,6,5,1707.9,2024-10-12
2433,141,1,4,1293.28,2024-12-31
2434,57,8,2,105.2,2024-10-17
2435,144,8,2,105.2,2025-02-19
2436,80,10,4,98.4,2025-03-28
2437,172,10,3,73.8,2025-05-04
2438,10,1,2,646.64,2025-03-08
2439,140,10,3,73.8,2025-02-21
2440,21,1,2,646.64,2025-02-06
2441,106,10,1,24.6,2025-04-10
2442,150,8,1,52.6,2025-02-26
2443,162,9,4,866.96,2024-09-12
2444,195,8,5,263.0,2025-01-24
2445,4,3,1,144.76,2024-12-07
2446,134,8,2,105.2,2024-08-15
2447,114,2,2,44.52,2024-09-05
2448,168,1,1,323.32,2024-09-18
2449,1,7,1,447.17,2025-01-04
2450,78,8,5,263.0,2024-09-25
2451,94,5,1,370.87,2024-08-28
2452,17,7,4,1788.68,2025-06-02
2453,43,10,5,123.0,2024-09-25
2454,148,4,1,119.37,2025-03-28
2455,50,3,2,289.52,2024-09-22
2456,148,5,1,370.87,2025-03-02
2457,82,7,4,1788.68,2024-08-21
2458,76,2,4,89.04,2025-02-25
2459,139,8,2,105.2,2025-03-02
2460,97,4,5,596.85,2024-12-08
2461,36,3,2,289.52,2024-10-03
2462,123,2,1,22.26,2024-12-05
2463,103,7,2,894.34,2024-10-15
2464,41,4,5,596.85,2025-01-05
2465,20,1,3,969.96,2025-05-30
2466,75,2,2,44.52,2025-05-30
2467,175,8,5,263.0,2025-04-06
2468,164,3,3,434.28,2025-03-09
2469,53,1,5,1616.6,2024-09-16
2470,14,5,5,1854.35,2024-09-21
2471,104,7,3,1341.51,2024-07-19
2472,3,10,2,49.2,2025-01-10
2473,107,7,3,1341.51,2025-02-19
2474,188,4,2,238.74,2024-12-29
2475,19,2,5,111.3,2024-10-27
2476,33,5,2,741.74,2025-05-15
2477,126,5,4,1483.48,2024-11-02
2478,125,5,3,1112.61,2025-04-15
2479,190,2,3,66.78,2024-10-14
2480,38,3,1,144.76,2025-03-29
2481,41,10,5,123.0,2025-04-10
2482,47,10,5,123.0,2024-07-28
2483,134,1,2,646.64,2024-09-22
2484,143,4,4,477.48,2024-06-18
2485,77,1,5,1616.6,2024-09-21
2486,90,1,4,1293.28,2025-03-06
2487,199,9,1,216.74,2024-07-02
2488,53,3,3,434.28,2024-10-14
2489,131,2,4,89.04,2025-05-26
2490,78,7,5,2235.85,2024-11-20
2491,189,3,3,434.28,2025-02-11
2492,132,4,4,477.48,2024-09-09
2493,136,2,4,89.04,2025-03-19
2494,121,7,2,894.34,2024-12-05
2495,5,8,3,157.8,2024-08-24
2496,63,1,4,1293.28,2024-08-19
2497,171,5,2,741.74,2025-04-19
2498,139,9,5,1083.7,2024-12-28
2499,175,4,4,477.48,2024-09-15
2500,127,9,2,433.48,2025-05-30
2501,86,1,2,646.64,2025-01-06
2502,138,6,3,1024.74,2025-02-27
2503,75,5,2,741.74,2024-09-15
2504,5,4,4,477.48,2024-07-25
2505,6,9,1,216.74,2024-07-14
2506,30,10,5,123.0,2025-01-27
2507,35,3,4,579.04,2025-03-16
2508,194,10,4,98.4,2025-01-15
2509,21,7,5,2235.85,2024-09-02
2510,100,8,5,263.0,2024-09-04
2511,116,8,2,105.2,2024-06-21
2512,19,5,4,1483.48,2025-02-17
2513,27,8,2,105.2,2025-05-19
2514,94,5,3,1112.61,2024-12-25
2515,38,8,2,105.2,2024-08-28
2516,10,7,3,1341.51,2025-02-04
2517,117,5,1,370.87,2024-08-31
2518,127,6,4,1366.32,2024-06-22
2519,42,4,3,358.11,2024-07-10
2520,159,10,1,24.6,2024-11-09
2521,27,5,5,1854.35,2024-10-08
2522,130,6,2,683.16,2025-03-07
2523,101,8,1,52.6,2024-12-02
2524,170,7,3,1341.51,2024-07-11
2525,159,6,4,1366.32,2025-02-21
2526,36,5,5,1854.35,2025-03-28
2527,71,10,5,123.0,2024-07-25
2528,158,4,1,119.37,2024-06-04
2529,41,2,1,22.26,2025-01-01
2530,195,10,2,49.2,2025-05-28
2531,163,4,5,596.85,2024-08-02
2532,91,5,5,1854.35,2024-11-07
2533,76,9,2,433.48,2025-02-10
2534,63,1,4,1293.28,2025-05-31
2535,34,9,2,433.48,2025-05-10
2536,2,4,3,358.11,2025-05-09
2537,104,5,3,1112.61,2024-12-03
2538,186,6,1,341.58,2024-12-04
2539,50,1,2,646.64,2025-02-09
2540,173,10,2,49.2,2024-08-18
2541,47,7,1,447.17,2025-03-22
2542,188,5,4,1483.48,2024-09-21
2543,190,3,2,289.52,2024-10-04
2544,14,10,5,123.0,2024-09-20
2545,61,1,2,646.64,2025-02-07
2546,136,10,4,98.4,2024-06-24
2547,148,10,2,49.2,2025-05-20
2548,35,2,5,111.3,2025-03-27
2549,34,9,3,650.22,2024-07-06
2550,86,7,3,1341.51,2025-02-10
2551,101,1,4,1293.28,2025-01-10
2552,36,6,4,1366.32,2024-08-31
2553,113,5,5,1854.35,2024-12-26
2554,63,6,3,1024.74,2025-03-15
2555,32,10,3,73.8,2025-03-09
2556,127,5,3,1112.61,2025-04-28
2557,29,1,3,969.96,2025-05-31
2558,136,10,5,123.0,2024-06-16
2559,160,2,4,89.04,2025-05-22
2560,199,1,4,1293.28,2025-05-25
2561,43,5,1,370.87,2024-08-08
2562,33,4,4,477.48,2024-11-11
2563,44,7,3,1341.51,2025-05-10
2564,40,7,2,894.34,2025-04-23
2565,146,10,3,73.8,2024-08-09
2566,5,4,3,358.11,2025-05-30
2567,172,9,4,866.96,2025-05-25
2568,153,6,1,341.58,2024-06-16
2569,109,1,5,1616.6,2025-04-22
2570,123,2,2,44.52,2024-11-03
2571,154,9,2,433.48,2025-04-04
2572,4,2,1,22.26,2024-12-11
2573,104,3,3,434.28,2024-08-13
2574,18,10,5,123.0,2025-05-31
2575,58,5,5,1854.35,2025-03-19
2576,188,9,5,1083.7,2025-05-06
2577,8,5,4,1483.48,2025-05-27
2578,98,1,3,969.96,2024-09-22
2579,51,1,2,646.64,2025-05-08
2580,153,10,2,49.2,2024-06-16
2581,129,2,3,66.78,2024-06-05
2582,36,5,2,741.74,2024-09-25
2583,7,4,4,477.48,2025-01-08
2584,179,7,5,2235.85,2025-01-22
2585,71,6,2,683.16,2024-07-13
2586,31,5,4,1483.48,2025-05-28
2587,175,2,5,111.3,2024-10-10
2588,164,3,3,434.28,2024-09-20
2589,165,3,3,434.28,2024-11-25
2590,187,8,4,210.4,2025-02-06
2591,162,4,4,477.48,2024-12-29
2592,148,9,4,866.96,2024-12-22
2593,49,1,2,646.64,2024-12-10
2594,145,1,3,969.96,2025-05-13
2595,8,5,2,741.74,2025-06-01
2596,32,9,2,433.48,2024-07-24
2597,176,9,5,1083.7,2025-04-28
2598,186,3,4,579.04,2024-12-14
2599,50,5,2,741.74,2024-11-30
2600,157,4,5,596.85,2024-09-15
2601,90,4,1,119.37,2024-08-15
2602,148,6,5,1707.9,2025-04-12
2603,36,3,1,144.76,2024-07-15
2604,104,10,1,24.6,2024-10-08
2605,39,10,1,24.6,2024-08-04
2606,63,4,1,119.37,2025-03-12
2607,140,3,4,579.04,2024-11-27
2608,69,2,2,44.52,2025-02-08
2609,21,4,2,238.74,2024-09-09
2610,5,4,1,119.37,2025-03-08
2611,95,2,2,44.52,2024-08-13
2612,66,10,1,24.6,2024-06-07
2613,130,7,2,894.34,2025-03-15
2614,41,7,5,2235.85,2024-10-10
2615,159,3,4,579.04,2025-04-05
2616,29,6,3,1024.74,2024-09-24
2617,99,1,1,323.32,2025-01-08
2618,186,8,5,263.0,2025-02-18
2619,196,9,5,1083.7,2025-03-23
2620,119,9,4,866.96,2024-08-16
2621,58,10,4,98.4,2024-08-09
2622,148,4,1,119.37,2025-01-25
2623,25,4,1,119.37,2025-04-30
2624,71,9,5,1083.7,2025-02-05
2625,108,5,5,1854.35,2025-05-16
2626,140,5,4,1483.48,2024-11-06
2627,35,4,1,119.37,2025-04-19
2628,102,8,1,52.6,2024-11-15
2629,114,5,5,1854.35,2024-12-19
2630,140,10,3,73.8,2024-10-07
2631,5,6,5,1707.9,2024-07-05
2632,91,2,3,66.78,2024-11-04
2633,166,10,1,24.6,2025-02-16
2634,75,1,5,1616.6,2024-07-09
2635,176,5,4,1483.48,2024-08-12
2636,149,2,2,44.52,2024-07-26
2637,73,2,1,22.26,2024-12-04
2638,181,4,1,119.37,2024-10-05
2639,66,7,5,2235.85,2025-05-31
2640,117,3,2,289.52,2024-09-06
2641,69,8,2,105.2,2024-06-04
2642,41,5,2,741.74,2024-09-11
2643,138,9,5,1083.7,2024-10-28
2644,175,5,5,1854.35,2024-09-01
2645,134,1,3,969.96,2024-11-22
2646,16,2,3,66.78,2025-03-21
2647,177,3,3,434.28,2024-09-13
2648,64,6,4,1366.32,2024-10-08
2649,156,1,1,323.32,2024-09-27
2650,119,1,3,969.96,2025-01-14
2651,152,2,4,89.04,2025-03-09
2652,56,8,4,210.4,2025-01-10
2653,185,3,5,723.8,2024-06-06
2654,154,5,2,741.74,2024-09-11
2655,70,6,2,683.16,2025-02-10
2656,7,4,3,358.11,2024-10-19
2657,2,9,1,216.74,2025-02-26
2658,6,3,1,144.76,2024-09-01
2659,152,4,1,119.37,2024-06-26
2660,32,4,4,477.48,2025-02-16
2661,141,10,4,98.4,2024-07-17
2662,94,8,4,210.4,2024-11-29
2663,18,3,5,723.8,2024-09-29
2664,183,5,4,1483.48,2024-08-03
2665,48,6,1,341.58,2024-11-06
2666,51,4,1,119.37,2025-02-23
2667,154,1,2,646.64,2024-12-14
2668,107,3,1,144.76,2025-05-26
2669,187,9,4,866.96,2025-05-15
2670,174,10,4,98.4,2025-05-12
2671,51,2,3,66.78,2025-03-02
2672,199,6,5,1707.9,2025-03-27
2673,195,6,1,341.58,2024-09-30
2674,137,2,5,111.3,2025-02-25
2675,184,9,1,216.74,2024-07-17
2676,140,3,2,289.52,2025-02-05
2677,175,9,2,433.48,2025-05-23
2678,26,10,5,123.0,2025-06-02
2679,13,4,4,477.48,2024-09-24
2680,6,1,3,969.96,2024-10-22
2681,51,6,1,341.58,2025-01-26
2682,84,3,1,144.76,2024-08-26
2683,140,1,3,969.96,2024-08-26
2684,4,2,5,111.3,2024-07-23
2685,40,10,5,123.0,2024-12-04
2686,111,5,1,370.87,2024-07-31
2687,183,1,2,646.64,2024-11-25
2688,198,9,3,650.22,2025-03-19
2689,98,2,1,22.26,2025-01-23
2690,70,3,2,289.52,2024-10-25
2691,15,7,5,2235.85,2024-11-10
2692,167,10,2,49.2,2025-03-01
2693,130,9,4,866.96,2025-01-01
2694,120,6,1,341.58,2025-05-22
2695,195,10,3,73.8,2024-12-01
2696,36,6,2,683.16,2025-03-23
2697,122,6,5,1707.9,2024-12-27
2698,165,6,2,683.16,2025-04-09
2699,35,10,5,123.0,2025-02-14
2700,124,8,4,210.4,2025-04-18
2701,197,5,5,1854.35,2024-08-25
2702,55,6,3,1024.74,2025-03-24
2703,64,1,4,1293.28,2024-09-06
2704,178,2,2,44.52,2025-02-21
2705,6,2,1,22.26,2025-03-22
2706,147,8,5,263.0,2025-01-19
2707,70,9,3,650.22,2025-05-07
2708,96,10,1,24.6,2025-04-03
2709,13,8,1,52.6,2024-07-03
2710,15,3,4,579.04,2024-12-23
2711,137,1,2,646.64,2024-11-22
2712,106,10,1,24.6,2024-12-24
2713,124,10,3,73.8,2025-03-02
2714,81,7,5,2235.85,2024-10-20
2715,147,10,5,123.0,2024-07-02
2716,100,7,5,2235.85,2025-05-24
2717,114,9,4,866.96,2025-01-07
2718,22,9,3,650.22,2024-07-15
2719,191,2,1,22.26,2024-06-25
2720,120,2,3,66.78,2025-04-19
2721,90,6,4,1366.32,2024-12-31
2722,181,9,4,866.96,2025-05-18
2723,71,10,2,49.2,2024-12-15
2724,105,8,3,157.8,2024-08-19
2725,113,7,5,2235.85,2025-01-10
2726,37,3,4,579.04,2024-12-27
2727,45,5,4,1483.48,2024-07-30
2728,11,5,2,741.74,2024-08-04
2729,200,2,5,111.3,2024-10-07
2730,15,4,4,477.48,2025-04-29
2731,128,10,1,24.6,2024-12-21
2732,131,4,5,596.85,2024-11-20
2733,112,8,3,157.8,2024-07-17
2734,109,9,2,433.48,2025-02-21
2735,96,10,1,24.6,2024-08-20
2736,95,8,1,52.6,2025-03-07
2737,23,7,3,1341.51,2025-01-14
2738,164,10,2,49.2,2024-12-08
2739,116,4,4,477.48,2024-07-07
2740,188,2,2,44.52,2025-05-17
2741,122,9,4,866.96,2024-12-17
2742,180,9,3,650.22,2024-11-22
2743,82,1,3,969.96,2025-04-12
2744,40,2,1,22.26,2024-06-23
2745,44,4,1,119.37,2024-11-25
2746,10,2,1,22.26,2024-07-23
2747,56,4,3,358.11,2024-12-18
2748,115,4,4,477.48,2024-11-10
2749,74,5,3,1112.61,2024-11-26
2750,32,10,3,73.8,2025-01-07
2751,138,8,1,52.6,2024-06-24
2752,53,4,2,238.74,2025-01-05
2753,178,10,1,24.6,2024-11-28
2754,33,10,2,49.2,2025-02-18
2755,131,7,4,1788.68,2025-04-11
2756,86,9,4,866.96,2024-09-29
2757,118,5,5,1854.35,2025-03-09
2758,149,3,5,723.8,2024-06-10
2759,72,10,5,123.0,2024-11-02
2760,35,8,4,210.4,2024-09-08
2761,155,4,1,119.37,2025-04-15
2762,84,4,1,119.37,2024-06-03
2763,71,9,1,216.74,2025-03-18
2764,54,6,3,1024.74,2024-08-25
2765,138,9,5,1083.7,2025-01-12
2766,42,2,1,22.26,2024-06-30
2767,15,1,5,1616.6,2024-06-19
2768,74,7,5,2235.85,2024-11-13
2769,127,3,3,434.28,2024-10-13
2770,15,4,4,477.48,2025-03-01
2771,96,5,1,370.87,2024-06-26
2772,9,2,3,66.78,2024-12-29
2773,63,3,4,579.04,2024-06-25
2774,16,4,4,477.48,2025-05-30
2775,89,1,1,323.32,2025-05-15
2776,105,4,5,596.85,2024-06-28
2777,30,10,2,49.2,2025-05-30
2778,124,4,5,596.85,2024-12-02
2779,199,3,5,723.8,2024-06-14
2780,30,7,2,894.34,2024-09-21
2781,148,7,4,1788.68,2024-11-07
2782,62,5,2,741.74,2024-08-10
2783,91,1,2,646.64,2025-03-27
2784,191,8,3,157.8,2024-07-24
2785,59,5,3,1112.61,2025-03-26
2786,32,1,3,969.96,2025-02-06
2787,85,5,4,1483.48,2025-03-12
2788,60,8,2,105.2,2025-02-07
2789,52,5,1,370.87,2024-11-12
2790,30,1,2,646.64,2024-10-25
2791,20,7,4,1788.68,2025-05-14
2792,149,5,3,1112.61,2024-10-28
2793,32,4,4,477.48,2024-11-23
2794,117,7,3,1341.51,2025-05-05
2795,56,1,4,1293.28,2025-05-24
2796,112,10,1,24.6,2025-05-20
2797,128,7,3,1341.51,2024-10-26
2798,28,7,3,1341.51,2024-10-25
2799,173,10,2,49.2,2024-07-03
2800,33,4,4,477.48,2025-02-22
2801,149,4,5,596.85,2025-02-14
2802,96,4,5,596.85,2025-05-07
2803,143,1,2,646.64,2024-12-28
2804,174,8,4,210.4,2024-07-23
2805,154,5,1,370.87,2025-02-10
2806,67,3,2,289.52,2025-05-02
2807,64,8,3,157.8,2024-10-15
2808,41,9,1,216.74,2024-07-18
2809,43,8,4,210.4,2024-08-10
2810,85,3,3,434.28,2024-12-27
2811,18,9,5,1083.7,2024-11-01
2812,118,6,4,1366.32,2024-12-24
2813,2,8,3,157.8,2024-07-21
2814,86,4,4,477.48,2025-03-11
2815,96,7,3,1341.51,2024-08-27
2816,61,1,4,1293.28,2025-04-22
2817,36,2,5,111.3,2024-06-03
2818,67,8,2,105.2,2025-03-22
2819,7,9,3,650.22,2024-06-10
2820,9,1,3,969.96,2024-09-25
2821,149,8,5,263.0,2024-11-28
2822,56,3,2,289.52,2025-02-18
2823,149,5,4,1483.48,2025-03-08
2824,166,1,3,969.96,2024-12-30
2825,49,7,2,894.34,2024-11-13
2826,63,10,4,98.4,2024-12-25
2827,17,1,3,969.96,2024-10-27
2828,172,3,3,434.28,2025-04-17
2829,34,9,4,866.96,2024-08-30
2830,180,5,5,1854.35,2024-09-06
2831,56,6,2,683.16,2024-11-27
2832,170,1,3,969.96,2024-10-14
2833,176,4,4,477.48,2024-08-01
2834,41,10,3,73.8,2024-09-17
2835,25,9,4,866.96,2024-08-14
2836,49,10,3,73.8,2025-06-01
2837,97,2,1,22.26,2025-05-07
2838,4,5,5,1854.35,2025-03-10
2839,102,2,2,44.52,2025-03-26
2840,32,6,5,1707.9,2024-07-15
2841,171,7,5,2235.85,2024-06-14
2842,69,3,2,289.52,2025-04-12
2843,101,6,5,1707.9,2025-02-13
2844,132,6,1,341.58,2024-11-11
2845,154,9,4,866.96,2025-01-26
2846,40,8,2,105.2,2025-03-26
2847,172,5,4,1483.48,2025-05-31
2848,11,7,3,1341.51,2025-05-11
2849,86,4,1,119.37,2025-05-13
2850,155,9,4,866.96,2024-06-08
2851,156,1,4,1293.28,2024-09-03
2852,199,9,2,433.48,2024-08-21
2853,48,2,3,66.78,2024-06-28
2854,95,1,2,646.64,2024-07-11
2855,69,1,3,969.96,2025-01-18
2856,168,3,2,289.52,2024-06-15
2857,92,8,4,210.4,2024-11-22
2858,189,4,4,477.48,2025-01-20
2859,124,8,1,52.6,2025-02-17
2860,92,5,4,1483.48,2025-03-02
2861,146,1,5,1616.6,2025-05-06
2862,174,5,4,1483.48,2024-06-20
2863,132,8,5,263.0,2024-09-05
2864,115,2,4,89.04,2025-03-16
2865,33,9,5,1083.7,2024-06-19
2866,54,10,5,123.0,2024-11-05
2867,161,8,4,210.4,2024-11-19
2868,176,8,5,263.0,2024-09-01
2869,150,10,1,24.6,2024-12-28
2870,96,1,3,969.96,2024-08-25
2871,57,5,5,1854.35,2025-03-21
2872,74,4,5,596.85,2025-05-03
2873,75,9,1,216.74,2025-03-30
2874,192,8,1,52.6,2024-06-23
2875,62,7,2,894.34,2024-07-26
2876,54,8,3,157.8,2024-12-14
2877,135,10,2,49.2,2024-09-22
2878,27,10,5,123.0,2024-08-31
2879,42,1,1,323.32,2025-04-14
2880,126,4,5,596.85,2025-05-23
2881,150,5,4,1483.48,2025-03-13
2882,177,8,3,157.8,2025-01-11
2883,39,1,4,1293.28,2024-10-03
2884,184,10,1,24.6,2025-01-12
2885,39,8,1,52.6,2025-01-20
2886,101,2,1,22.26,2025-03-29
2887,182,10,3,73.8,2025-02-18
2888,62,7,2,894.34,2025-04-15
2889,17,10,5,123.0,2024-10-04
2890,40,5,5,1854.35,2024-09-02
2891,147,7,5,2235.85,2024-09-27
2892,50,10,5,123.0,2025-05-08
2893,112,1,5,1616.6,2024-07-27
2894,172,4,2,238.74,2025-02-13
2895,97,6,4,1366.32,2024-12-21
2896,91,9,3,650.22,2024-08-26
2897,36,10,4,98.4,2024-11-09
2898,84,8,4,210.4,2024-09-26
2899,97,4,5,596.85,2024-09-16
2900,169,4,5,596.85,2024-06-25
2901,63,8,2,105.2,2025-01-04
2902,72,1,3,969.96,2025-01-17
2903,193,4,1,119.37,2025-05-09
2904,191,1,4,1293.28,2025-03-14
2905,37,3,1,144.76,2025-05-22
2906,160,5,3,1112.61,2024-08-09
2907,42,3,4,579.04,2025-01-31
2908,169,8,1,52.6,2025-02-20
2909,129,3,1,144.76,2024-11-14
2910,7,9,2,433.48,2025-01-03
2911,53,10,3,73.8,2024-12-11
2912,188,7,3,1341.51,2024-06-20
2913,18,4,3,358.11,2024-10-13
2914,31,9,4,866.96,2025-06-02
2915,25,2,2,44.52,2025-02-06
2916,177,7,5,2235.85,2025-02-17
2917,63,4,4,477.48,2024-10-28
2918,165,1,3,969.96,2025-04-03
2919,155,4,4,477.48,2024-12-22
2920,178,6,1,341.58,2024-10-03
2921,47,1,4,1293.28,2025-02-27
2922,86,6,4,1366.32,2024-11-10
2923,182,10,3,73.8,2024-11-07
2924,96,4,1,119.37,2024-07-29
2925,89,5,3,1112.61,2024-09-26
2926,29,1,1,323.32,2024-10-26
2927,87,8,1,52.6,2024-08-12
2928,134,2,1,22.26,2025-03-21
2929,198,1,3,969.96,2024-12-27
2930,56,5,1,370.87,2024-12-02
2931,19,3,2,289.52,2024-09-03
2932,11,7,2,894.34,2025-04-27
2933,81,9,5,1083.7,2024-08-28
2934,183,9,2,433.48,2024-09-26
2935,126,2,5,111.3,2025-05-01
2936,64,7,2,894.34,2025-03-03
2937,63,7,3,1341.51,2024-07-28
2938,192,10,5,123.0,2025-04-10
2939,45,4,4,477.48,2024-11-28
2940,29,9,4,866.96,2025-05-23
2941,81,4,2,238.74,2024-06-24
2942,3,10,4,98.4,2025-01-06
2943,160,1,2,646.64,2024-11-09
2944,163,1,2,646.64,2024-11-10
2945,86,7,4,1788.68,2025-01-04
2946,35,1,4,1293.28,2024-12-24
2947,123,6,1,341.58,2024-07-24
2948,49,10,5,123.0,2024-10-30
2949,77,2,2,44.52,2024-09-04
2950,85,9,4,866.96,2024-09-09
2951,48,8,5,263.0,2024-08-19
2952,172,9,4,866.96,2024-10-08
2953,93,5,4,1483.48,2025-02-08
2954,139,3,1,144.76,2024-07-02
2955,187,9,2,433.48,2025-05-26
2956,181,3,2,289.52,2024-11-23
2957,28,7,3,1341.51,2025-04-26
2958,139,3,1,144.76,2024-10-24
2959,147,1,5,1616.6,2024-07-07
2960,94,9,1,216.74,2024-12-27
2961,10,9,5,1083.7,2025-03-10
2962,57,4,2,238.74,2025-04-20
2963,71,10,3,73.8,2024-08-14
2964,53,1,3,969.96,2024-06-22
2965,89,8,2,105.2,2024-09-14
2966,24,6,4,1366.32,2024-10-26
2967,196,4,1,119.37,2025-02-18
2968,111,10,3,73.8,2025-01-22
2969,182,4,4,477.48,2025-01-22
2970,83,8,5,263.0,2024-06-17
2971,54,2,3,66.78,2025-05-07
2972,106,1,5,1616.6,2024-06-30
2973,124,4,4,477.48,2024-08-14
2974,84,1,5,1616.6,2025-04-10
2975,114,8,4,210.4,2025-03-24
2976,182,6,5,1707.9,2025-01-16
2977,13,4,1,119.37,2025-03-10
2978,73,5,3,1112.61,2025-02-17
2979,130,3,3,434.28,2025-01-05
2980,46,1,4,1293.28,2024-08-25
2981,16,10,5,123.0,2024-12-05
2982,17,1,2,646.64,2024-08-22
2983,16,5,3,1112.61,2025-05-05
2984,154,1,5,1616.6,2025-05-20
2985,129,5,5,1854.35,2024-10-09
2986,28,7,1,447.17,2024-09-27
2987,194,7,2,894.34,2025-05-21
2988,27,2,3,66.78,2024-06-07
2989,173,3,1,144.76,2024-08-23
2990,62,1,2,646.64,2025-05-31
2991,108,2,3,66.78,2024-08-14
2992,102,6,1,341.58,2025-03-16
2993,161,5,2,741.74,2024-07-17
2994,36,6,3,1024.74,2025-03-19
2995,43,9,2,433.48,2025-03-21
2996,38,5,5,1854.35,2024-12-04
2997,132,2,4,89.04,2025-05-23
2998,95,8,4,210.4,2024-09-04
2999,141,2,5,111.3,2025-02-27
3000,154,7,2,894.34,2025-01-22
